Member,Street Address:,City:,Address.x,Address.y,Site Name,Site ID,distance,Agency,Zip Code:,County:,Agency Name,Location Name:,Square footage of space occupied:,"Total square footage of building (including other occupants, where applicable):","Primary use of space (i.e., office, storage, etc.):",Staff Population,"Does your agency have a resident population regularly onsite (e.g,. correctional facilities)?",Non-Staff Population,"Does your agency have short-term visitors (e.g., public meetings, hearings, large events, etc.) who contribute to your waste/recycling generation?",Approximate number of visitors per year:,Contact name:,Phone:,Fax:,Email:,Trash Hauler,Trash Destination,Trash Actual vs Volume,Trash (lbs),Recycling: Single Stream Hauler,Recycling: Single Stream Destination,Recycling: Single Stream Actual vs Volume,Recycling: Single Stream Actual Weight (in Pounds),"Recycling: Dual stream (Bottles, cans & containers) Hauler","Recycling: Dual stream (Bottles, cans & containers) Destination","Recycling: Dual stream (Bottles, cans & containers) Actual vs Volume","Recycling: Dual stream (Bottles, cans & containers) Actual Weight (in Pounds)","Recycling: Dual stream (Paper, including cardboard) Hauler","Recycling: Dual stream (Paper, including cardboard) Destination","Recycling: Dual stream (Paper, including cardboard) Actual vs Volume","Recycling: Dual stream (Paper, including cardboard) Actual Weight (in Pounds)",Organics Hauler,Organics Destination,Organics Actual vs Volume,Organics (lbs),Total MSW,Aluminum (scrap other than cans) Hauler/Recycler,Aluminum (scrap other than cans) Actual vs Volume,Aluminum (scrap other than cans) Actual Weight (in Pounds),Anti-freeze Hauler/Recycler,Anti-freeze Actual vs Volume,Anti-freeze Actual Weight (in Pounds),Auto Oil Hauler/Recycler,Auto Oil Actual vs Volume,Auto Oil Actual Weight (in Pounds),Batteries: appliance (rechargeable) Hauler/Recycler,Batteries: appliance (rechargeable) Actual vs Volume,Batteries: appliance (rechargeable) Actual Weight (in Pounds),Batteries: vehicle Hauler/Recycler,Batteries: vehicle Actual vs Volume,Batteries: vehicle Actual Weight (in Pounds),Construction Material Hauler/Recycler,Construction Material Actual vs Volume,Construction Material Actual Weight (in Pounds),"E-Waste (computers, laptops, printers, etc.) Hauler/Recycler","E-Waste (computers, laptops, printers, etc.) Actual vs Volume","E-Waste (computers, laptops, printers, etc.) Actual Weight (in Pounds)",Fluorescents Hauler/Recycler,Fluorescents Actual vs Volume,Fluorescents Actual Weight (in Pounds),"Grease, Bones, Tallow Hauler/Recycler","Grease, Bones, Tallow Actual vs Volume","Grease, Bones, Tallow Actual Weight (in Pounds)",Metal (scrap) Hauler/Recycler,Metal (scrap) Actual vs Volume,Metal (scrap) Actual Weight (in Pounds),Paint Hauler/Recycler,Paint Actual vs Volume,Paint Actual Weight (in Pounds),Parts Cleaner Hauler/Recycler,Parts Cleaner Actual vs Volume,Parts Cleaner Actual Weight (in Pounds),Solvent Hauler/Recycler,Solvent Actual vs Volume,Solvent Actual Weight (in Pounds),Textiles Hauler/Recycler,Textiles Actual vs Volume,Textiles Actual Weight (in Pounds),Toner Cartridges Hauler/Recycler,Toner Cartridges Actual vs Volume,Toner Cartridges Actual Weight (in Pounds),Tires Hauler/Recycler,Tires Actual vs Volume,Tires Actual Weight (in Pounds),"Wood Waste (mfg. waste, chips, or pallets) Hauler/Recycler","Wood Waste (mfg. waste, chips, or pallets) Actual vs Volume","Wood Waste (mfg. waste, chips, or pallets) Actual Weight (in Pounds)",All Other Actual Weight (in Pounds),Specialty Waste (lbs),"Please specify materials included in ""All Other"" weight:",Recycling (lbs),MSW Recycling Rate (%),Total Recycling Rate (%),Waste Per Capita (lbs per staff),Waste Per Capita Including Non-Staff (lbs per staff),"Waste Per Capita (including staff, resident and visitor)",Is your agency location utilizing the state's recycling best practices?,Indicate your agency<U+0092>s timeline for implementing the new program:,Details:,The State of Minnesota has established a Green Meeting Policy. This can be provided by the Minnesota Department of Administration and the Minnesota Pollution Control Agency. Is your agency location following the Green Meeting Policy for internal and external meetings of all sizes?,Indicate your agency's timeline for implementing the Green Meeting Policy:,Details:_1,State agency locations often have the opportunity to reduce consumption of particular products or services. Does your agency location engage in any of the below efforts to reduce overall consumption (select all that apply):
"R2: Deer River Truck Station - 44703 Chase Lake Road Deer River, MN 56636",44703 Chase Lake Rd,Deer River,"44703 chase lake rd, deer river","44703 chase lake rd, deer river","SITE, D2A, TRUCK STATION, DEER RIVER",11828,0,DOT,56636,Itasca,Department of Transportation,Deer River TS,NA,NA,NA,3,No,NA,No,NA,Joe Leas,218-277-7956,218-277-7957,joel.leas@state.mn.us,Waste Management,Cohasset Waste Management,Weight converted from volume,1050,NA,NA,NA,NA,NA,NA,NA,NA,NA,NA,NA,NA,NA,NA,NA,NA,1050,NA,NA,NA,NA,NA,NA,NA,NA,NA,NA,NA,NA,NA,NA,NA,NA,NA,NA,NA,NA,NA,NA,NA,NA,NA,NA,NA,NA,NA,NA,NA,NA,NA,NA,NA,NA,NA,NA,NA,NA,NA,NA,NA,NA,NA,NA,NA,NA,NA,NA,NA,NA,NA,NA,NA,NA,NA,350,350,350,Yes,NA,NA,Yes,NA,NA,NA
D2: Karlstad Truck Station,312 Harding St South,Karlstad,"312 harding st s, karlstad","312 harding st s, karlstad","SITE, D2B, TRUCK STATION, KARLSTAD",11833,0,DOT,56732,Kittson,Department of Transportation,Karlstad TS,NA,NA,"Shop, office",2,No,NA,No,NA,Joe Leas,218-277-7956,218-277-7957,joel.leas@state.mn.us,Anderson Sanitation,Mar-Kit Landfill,Weight converted from volume,525,NA,NA,NA,NA,MNDOT,NA,NA,NA,MNDOT,NA,NA,NA,NA,NA,NA,NA,525,NA,NA,NA,NA,NA,NA,NA,NA,NA,NA,NA,NA,MNDOT,NA,NA,NA,NA,NA,NA,NA,NA,NA,NA,NA,NA,NA,NA,MNDOT,NA,NA,NA,NA,NA,NA,NA,NA,NA,NA,NA,NA,NA,NA,NA,NA,NA,NA,NA,NA,MNDOT,NA,NA,NA,NA,NA,NA,NA,NA,262.5,262.5,262.5,Yes,NA,NA,NA,NA,NA,NA
"R2: Roseau Truck Station - 1190 Center Street West Roseau, MN 56751",1190 Center St W,Roseau,"1190 center st w, roseau","1190 center st w, roseau","SITE, D2B, TRUCK STATION, ROSEAU",11836,0,DOT,56751,Roseau,Department of Transportation,Roseau TS,NA,NA,NA,8,No,NA,No,NA,Joe Leas,218-277-7956,218-277-7957,joel.leas@state.mn.us,City of Roseau,Salo Transfer Station,Weight converted from volume,5600,NA,NA,NA,NA,NA,NA,NA,NA,NA,NA,NA,NA,NA,NA,NA,NA,5600,NA,NA,NA,NA,NA,NA,NA,NA,NA,NA,NA,NA,NA,Weight converted from volume,40,NA,NA,NA,NA,NA,NA,NA,NA,NA,NA,NA,NA,NA,NA,NA,NA,NA,NA,NA,NA,NA,NA,NA,NA,NA,NA,NA,NA,NA,NA,NA,NA,NA,NA,NA,NA,NA,40,NA,NA,NA,0.71,705,705,705,Yes,NA,NA,Yes,NA,NA,NA
"R3A: Little Falls Truck Station - 15038 Pine Avenue Little Falls, MN 56345",15038 Pine Ave,Little Falls,"15038 pine ave, little falls","15038 pine ave, little falls","SITE, D3A, TRUCK STATION (NEW), LITTLE FALLS",15669,0,DOT,56345,NA,Department of Transportation,NA,NA,NA,NA,NA,NA,NA,NA,NA,NA,NA,NA,NA,Waste Management,NA,Actual weight,14000,East Side Oil Co/Waste Management,NA,NA,NA,NA,NA,NA,NA,NA,NA,NA,NA,NA,NA,NA,NA,14000,NA,NA,NA,NA,NA,NA,NA,NA,NA,NA,NA,NA,NA,NA,NA,NA,NA,NA,NA,NA,NA,NA,NA,NA,NA,NA,NA,NA,NA,NA,NA,NA,NA,NA,NA,NA,NA,NA,NA,NA,NA,NA,NA,NA,NA,NA,NA,NA,NA,NA,NA,144.99,144.99,NA,NA,NA,1.03,NA,NA,NA,NA,NA,NA,NA,NA,NA,NA
"R4: Barnesville Truck Station - 1201 Highway 34 Barnesville, MN 56514",1201 Hwy 34,Barnesville,"1201 hwy 34, barnesville","1201 hwy 34, barnesville","SITE, D4A, TRUCK STATION, BARNESVILLE",11901,0,DOT,56514,Clay,Department of Transportation,Barnesville,8000,8000,NA,8,No,NA,No,NA,NA,NA,NA,NA,Fuchs Sanitation,NA,Actual weight,700,NA,NA,NA,NA,NA,NA,NA,NA,NA,NA,NA,NA,NA,NA,NA,NA,700,NA,NA,NA,NA,NA,NA,NA,NA,NA,NA,NA,NA,NA,NA,NA,NA,NA,NA,NA,NA,NA,NA,NA,NA,NA,NA,NA,NA,NA,NA,NA,NA,NA,NA,NA,NA,NA,NA,NA,NA,NA,NA,NA,NA,NA,NA,NA,NA,NA,NA,NA,NA,NA,NA,NA,NA,NA,87.5,87.5,87.5,Yes,NA,NA,Yes,NA,NA,"Default to double-sided (duplex) printing
Utilizing electronic meeting materials as a standard"
"R4: Benson Truck Station - 500 22nd Street S Benson, MN 56215",500 22nd Street South,Benson,"500 22nd st s, benson","500 22nd st s, benson","SITE, D4A, TRUCK STATION, BENSON",11902,0,DOT,56215,Swift,Department of Transportation,Benson,5520,5520,Office/Maintenance Shop,4,No,NA,No,NA,NA,NA,NA,NA,Mathison Disposal,NA,Actual weight,525,NA,NA,NA,NA,NA,NA,NA,NA,NA,NA,NA,NA,NA,NA,NA,NA,525,NA,NA,NA,NA,NA,NA,NA,NA,NA,NA,NA,NA,NA,NA,NA,NA,NA,NA,NA,NA,NA,NA,NA,NA,NA,NA,NA,NA,NA,NA,NA,NA,NA,NA,NA,NA,NA,NA,NA,NA,NA,NA,NA,NA,NA,NA,NA,NA,NA,NA,NA,NA,NA,NA,NA,NA,NA,131.25,131.25,131.25,Yes,NA,NA,Yes,NA,NA,"Default to double-sided (duplex) printing
Utilizing electronic meeting materials as a standard"
"R4: Breckenridge Truck Station - 401 South 8th Street Breckenridge, MN 56520",401 South 8th Street,Breckenridge,"401 s 8th st, breckenridge","401 s 8th st, breckenridge","SITE, D4A, TRUCK STATION, BRECKENRIDGE",11903,0,DOT,56520,Wilkin,Department of Transportation,Breckenridge,4828,4828,Office/Maintenance Shop,6,No,NA,No,NA,NA,NA,NA,NA,Waste Management,NA,Actual weight,700,NA,NA,NA,NA,NA,NA,NA,NA,NA,NA,NA,NA,NA,NA,NA,NA,700,NA,NA,NA,NA,NA,NA,NA,NA,NA,NA,NA,NA,NA,NA,NA,NA,NA,NA,NA,NA,NA,NA,NA,NA,NA,NA,NA,NA,NA,NA,NA,NA,NA,NA,NA,NA,NA,NA,NA,NA,NA,NA,NA,NA,NA,NA,NA,NA,NA,NA,NA,NA,NA,NA,NA,NA,NA,116.67,116.67,116.67,Yes,NA,NA,Yes,NA,NA,"Default to double-sided (duplex) printing
Utilizing electronic meeting materials as a standard"
"R4: Evansville Truck Station - 20874 County Road 82 NW Evansville, MN 56326",20874 Co Rd 82 NW,Evansville,"20874 co rd 82 nw, evansville","20874 co rd 82 nw, evansville","SITE, D4A, TRUCK STATION, EVANSVILLE",11904,0,DOT,56326,Douglas,Department of Transportation,Evansville,6108,6108,Office/Maintenance Shop,8,No,NA,No,NA,NA,NA,NA,NA,Waste Management,NA,NA,NA,Waste Management,NA,Actual weight,700,NA,NA,NA,NA,NA,NA,NA,NA,NA,NA,NA,NA,700,NA,NA,NA,NA,NA,NA,NA,NA,NA,NA,NA,NA,NA,NA,NA,NA,NA,NA,NA,NA,NA,NA,NA,NA,NA,NA,NA,NA,NA,NA,NA,NA,NA,NA,NA,NA,NA,NA,NA,NA,NA,NA,NA,NA,NA,NA,NA,NA,NA,NA,NA,NA,NA,NA,700,100,100,87.5,87.5,87.5,Yes,NA,NA,Yes,NA,NA,"Default to double-sided (duplex) printing
Utilizing electronic meeting materials as a standard"
"R4: Fergus Falls Truck Station - 1205 East Douglas Avenue Fergus Falls, MN 56537",1205 East Douglas Ave,Fergus Falls,"1205 e douglas ave, ferghwy falls","1205 e douglas ave, ferghwy falls","SITE, D4A, TRUCK STATION, FERGUS FALLS",11905,0,DOT,56537,Otter Tail,Department of Transportation,Fergus Falls,19542,19542,Office/Maintenance Shop,16,No,NA,Yes,50,NA,NA,NA,NA,City of Fergus Falls,NA,NA,NA,City of Fergus Falls,NA,Weight converted from volume,2275,NA,NA,NA,NA,NA,NA,Weight converted from volume,153,NA,NA,NA,NA,2428,NA,NA,NA,NA,NA,NA,NA,NA,NA,NA,NA,NA,NA,NA,NA,NA,NA,NA,NA,NA,NA,NA,NA,NA,NA,NA,NA,Sigelman,NA,NA,NA,NA,NA,NA,NA,NA,NA,NA,NA,NA,NA,NA,NA,NA,NA,NA,NA,NA,NA,NA,NA,NA,NA,NA,2428,100,100,151.75,151.75,36.79,Yes,NA,NA,Yes,NA,NA,"Refillable water stations (plumbed in)
 Default to double-sided (duplex) printing
Utilizing electronic meeting materials as a standard"
"R4: Henning Truck Station - 100 Douglas Avenue Henning, MN 56551",100 Douglas Ave,Henning,"100 douglas ave, henning","100 douglas ave, henning","SITE, D4A, TRUCK STATION, HENNING",11908,0,DOT,56551,Otter Tail,Department of Transportation,Henning,4704,4704,Office/Maintenance Shop,6,No,NA,No,NA,NA,NA,NA,NA,Waste Management,NA,NA,NA,Waste Management,NA,Weight converted from volume,350,NA,NA,NA,NA,NA,NA,NA,NA,NA,NA,NA,NA,350,NA,NA,NA,NA,NA,NA,NA,NA,NA,NA,NA,NA,NA,NA,NA,NA,NA,NA,NA,NA,NA,NA,NA,NA,NA,NA,NA,NA,NA,NA,NA,NA,NA,NA,NA,NA,NA,NA,NA,NA,NA,NA,NA,NA,NA,NA,NA,NA,NA,NA,NA,NA,NA,NA,350,100,100,58.33,58.33,58.33,Yes,NA,NA,Yes,NA,NA,"Default to double-sided (duplex) printing
Utilizing electronic meeting materials as a standard"
D7: Sleepy Eye Truck Station -,900 Cedar St NE,Sleepy Eye,"900 cedar st ne, sleepy eye","900 cedar st ne, sleepy eye","SITE, D7W, TRUCK STATION, SLEEPY EYE",12043,0,DOT,56085,Brown,Department of Transportation,Sleepy Eye,3696,3696,Maint shop,5,No,NA,No,NA,Mark Larson,507-794-7189,NA,NA,Braun & Borth,NA,Weight converted from volume,3150,NA,NA,Weight converted from volume,NA,NA,NA,NA,NA,Braun & Borth,NA,Weight converted from volume,810,NA,NA,NA,NA,3960,NA,NA,NA,NA,NA,NA,NA,NA,NA,NA,NA,NA,NA,NA,NA,NA,NA,NA,NA,NA,NA,NA,NA,NA,NA,NA,NA,NA,NA,NA,NA,NA,NA,NA,NA,NA,NA,NA,NA,NA,NA,NA,NA,NA,NA,NA,NA,NA,NA,NA,NA,NA,NA,NA,810,20.45,20.45,792,792,792,Yes,NA,NA,No,NA,NA,"Office supply reuse center
 Default to double-sided (duplex) printing"
"D7: Wells Truck Station - 585 7TH AVE SE, WELLS, MN",585 7th Ave SE,Wells,"585 7th ave se, wells","585 7th ave se, wells","SITE, D7E, TRUCK STATION, WELLS",12025,0,DOT,56097,Faribault,Department of Transportation,Wells,9668,9668,Maint Shop,5,No,NA,No,NA,Bryan Lillie,507-553-3721,NA,NA,Waste Management,NA,Weight converted from volume,8400,NA,NA,NA,NA,NA,NA,NA,NA,Waste Management,NA,Weight converted from volume,3456,NA,NA,NA,NA,11856,NA,NA,NA,NA,NA,NA,NA,NA,NA,NA,NA,NA,NA,NA,NA,NA,NA,NA,NA,NA,NA,NA,NA,NA,NA,NA,NA,NA,NA,NA,NA,NA,NA,NA,NA,NA,NA,NA,NA,NA,NA,NA,NA,NA,NA,NA,NA,NA,NA,NA,NA,NA,NA,NA,3456,29.15,29.15,2371.2,2371.2,2371.2,Yes,NA,NA,No,NA,NA,"Office supply reuse center
 Default to double-sided (duplex) printing"
"R7E: Gaylord Truck Station - 330 Railroad Avenue Gaylord, MN 55334",330 Railroad Ave,Gaylord,"330 railrd ave, gaylord","330 railrd ave, gaylord","SITE, D7E, TRUCK STATION, GAYLORD",12017,0,DOT,55334,Sibley,Department of Transportation,Gaylord,8366,8366,Maint Shop,4,No,NA,No,NA,Cole Albrecht,507-237-4130,NA,NA,Gaylord Sanitation,NA,Weight converted from volume,2100,Gaylord Sanitation,NA,Weight converted from volume,789,NA,NA,NA,NA,NA,NA,NA,NA,NA,NA,NA,NA,2889,NA,NA,NA,NA,NA,NA,NA,NA,NA,NA,NA,NA,NA,NA,NA,NA,NA,NA,NA,NA,NA,NA,NA,NA,NA,NA,NA,NA,NA,NA,NA,NA,NA,NA,NA,NA,NA,NA,NA,NA,NA,NA,NA,NA,NA,NA,NA,NA,NA,NA,NA,NA,NA,NA,789,27.31,27.31,722.25,722.25,722.25,Yes,NA,NA,No,NA,NA,"Office supply reuse center
 Default to double-sided (duplex) printing"
"R7E: Le Sueur Truck Station - 201 Minnesota Avenue Le Sueur, MN 56058",201 Minnesota Ave,Le Sueur,"201 minnesota ave, le sueur","201 minnesota ave, le sueur","SITE, D7E, TRUCK STATION, LE SUEUR",12018,0,DOT,56058,Le Sueur,Department of Transportation,Le Sueur,5856,5856,Maint Shop,5,No,NA,No,NA,Cole Albrecht,507-665-3782,NA,NA,LJP,NA,Weight converted from volume,8400,LJP,NA,Weight converted from volume,804,NA,NA,NA,NA,NA,NA,NA,NA,NA,NA,NA,NA,9204,NA,NA,NA,NA,NA,NA,NA,NA,NA,NA,NA,NA,NA,NA,NA,NA,NA,NA,NA,NA,NA,NA,NA,NA,NA,NA,NA,NA,NA,NA,NA,NA,NA,NA,NA,NA,NA,NA,NA,NA,NA,NA,NA,NA,NA,NA,NA,NA,NA,NA,NA,NA,NA,NA,804,8.74,8.74,1840.8,1840.8,1840.8,Yes,NA,NA,No,NA,NA,"Office supply reuse center
 Default to double-sided (duplex) printing"
"R7E: Mankato Headquarters - 2151 Bassett Drive Mankato, MN 56001",2151 Bassett Dr,Mankato,"2151 bassett dr, mankato","2151 bassett dr, mankato","SITE, D7E, HEADQUARTERS, MANKATO",12006,0,DOT,56001,Blue Earth,Department of Transportation,mankato,175163,175163,Office/Maintenance,200,No,NA,Yes,12600,Tony Desantiago,507-304-6100,NA,NA,Waste Management,NA,Weight converted from volume,33600,Waste Management,NA,Weight converted from volume,13344,NA,NA,NA,NA,NA,NA,NA,NA,NA,NA,NA,NA,46944,NA,NA,NA,NA,NA,NA,NA,NA,NA,NA,NA,NA,Napa,Weight converted from volume,53,NA,NA,NA,NA,NA,NA,NA,NA,NA,NA,NA,NA,Mankato Iron,Actual weight,8.44,Blue Earth Cty,NA,NA,Blue Earth Cty,NA,NA,Blue Earth Cty,NA,NA,NA,NA,NA,Innovative,NA,NA,First Tire,NA,NA,NA,NA,NA,NA,61.44,NA,13344,28.43,28.52,235.03,235.03,3.67,Yes,NA,NA,No,NA,NA,"Office supply reuse center
 Default to double-sided (duplex) printing"
"R7E: Mapleton Truck Station - 403 8th Avenue SE Mapleton, MN 56065",403 8th Ave SE,Mapleton,"403 8th ave se, mapleton","403 8th ave se, mapleton","SITE, D7E, TRUCK STATION, MAPLETON",12019,0,DOT,56065,Blue Earth,Department of Transportation,Mapleton,5717,5717,Maint Shop,4,No,NA,No,NA,Bryan Lillie,507-524-3132,NA,NA,Waste Management,NA,Weight converted from volume,8400,Waste Management,NA,Weight converted from volume,402,NA,NA,NA,NA,NA,NA,NA,NA,NA,NA,NA,NA,8802,NA,NA,NA,NA,NA,NA,NA,NA,NA,NA,NA,NA,NA,NA,NA,NA,NA,NA,NA,NA,NA,NA,NA,NA,NA,NA,NA,NA,NA,NA,NA,NA,NA,NA,NA,NA,NA,NA,NA,NA,NA,NA,NA,NA,NA,NA,NA,NA,NA,NA,NA,NA,NA,NA,402,4.57,4.57,2200.5,2200.5,2200.5,Yes,NA,NA,No,NA,NA,"Office supply reuse center
 Default to double-sided (duplex) printing"
"R7E: St. Peter Truck Station - 415 Ritt Street St. Peter, MN 56082",415 Ritt St,St Peter,"415 ritt st, st peter","415 ritt st, st peter","SITE, D7E, TRUCK STATION, ST PETER",12022,0,DOT,56082,Nicollet,Department of Transportation,St Peter,5856,5856,Maint Shop,8,No,NA,No,NA,Cole Albrecht,507-931-5148,NA,NA,Waste Management,NA,Weight converted from volume,8400,Waste Management,NA,Weight converted from volume,402,NA,NA,NA,NA,NA,NA,NA,NA,NA,NA,NA,NA,8802,NA,NA,NA,NA,NA,NA,NA,NA,NA,NA,NA,NA,NA,NA,NA,NA,NA,NA,NA,NA,NA,NA,NA,NA,NA,NA,NA,NA,NA,NA,NA,NA,NA,NA,NA,NA,NA,NA,NA,NA,NA,NA,NA,NA,NA,NA,NA,NA,NA,NA,NA,NA,NA,NA,402,4.57,4.57,1100.25,1100.25,1100.25,Yes,NA,NA,No,NA,NA,"Office supply reuse center
 Default to double-sided (duplex) printing"
"R7E: Waseca Truck Station - 1500 State Street South Waseca, MN 56093",1500 S State St,Waseca,"1500 s state st, waseca","1500 state st s, waseca","SITE, D7E, TRUCK STATION, WASECA",12023,0,DOT,56093,Waseca,Department of Transportation,Waseca,8845,8845,Maint Shop,4,No,NA,No,NA,Bryan Lillie,507-883-1143,NA,NA,Waste Management,NA,Weight converted from volume,4200,Waste Management,NA,Weight converted from volume,402,NA,NA,NA,NA,NA,NA,NA,NA,NA,NA,NA,NA,4602,NA,NA,NA,NA,NA,NA,NA,NA,NA,NA,NA,NA,NA,NA,NA,NA,NA,NA,NA,NA,NA,NA,NA,NA,NA,NA,NA,NA,NA,NA,NA,NA,NA,NA,NA,NA,NA,NA,NA,NA,NA,NA,NA,NA,NA,NA,NA,NA,NA,NA,NA,NA,NA,NA,402,8.74,8.74,1150.5,1150.5,1150.5,Yes,NA,NA,No,NA,NA,"Office supply reuse center
 Default to double-sided (duplex) printing"
"R7W: Fairmont Truck Station - 1300 Marcus Street Fairmont, MN 56031",1300 Marcus St,Fairmont,"1300 marchwy st, fairmont","1300 marchwy st, fairmont","SITE, D7W, TRUCK STATION, FAIRMONT",12039,0,DOT,56031,Martin,Department of Transportation,Fairmont,6384,6384,Maint Shop,5,No,NA,No,NA,Mark Larson,507-235-9277,NA,NA,Waste Management,NA,Weight converted from volume,6300,Waste Management,NA,Weight converted from volume,804,NA,NA,NA,NA,NA,NA,NA,NA,NA,NA,NA,NA,7104,NA,NA,NA,NA,NA,NA,NA,NA,NA,NA,NA,NA,NA,NA,NA,NA,NA,NA,NA,NA,NA,NA,NA,NA,NA,NA,NA,NA,NA,NA,NA,NA,NA,NA,NA,NA,NA,NA,NA,NA,NA,NA,NA,NA,NA,NA,NA,NA,NA,NA,NA,NA,NA,NA,804,11.32,11.32,1420.8,1420.8,1420.8,Yes,NA,NA,No,NA,NA,"Office supply reuse center
 Default to double-sided (duplex) printing"
"R7W: Jackson Truck Station - 149 County Road 43 East Jackson, MN 56143",149 county Rd 43 east,Jackson,"149 co rd 43 e, jackson","149 co rd 34 e, jackson","SITE, D7W, TRUCK STATION, JACKSON",12040,0,DOT,56143,Jackson,Department of Transportation,Jackson,8000,8000,Maint Shop,5,No,NA,No,NA,Andrew Bedbury,507-847-4325,NA,NA,Waste Management,NA,Weight converted from volume,8400,Waste Management,NA,Weight converted from volume,804,NA,NA,NA,NA,NA,NA,NA,NA,NA,NA,NA,NA,9204,NA,NA,NA,NA,NA,NA,NA,NA,NA,NA,NA,NA,NA,NA,NA,NA,NA,NA,NA,NA,NA,NA,NA,NA,NA,NA,NA,NA,NA,NA,NA,NA,NA,NA,NA,NA,NA,NA,NA,NA,NA,NA,NA,NA,NA,NA,NA,NA,NA,NA,NA,NA,NA,NA,804,8.74,8.74,1840.8,1840.8,1840.8,Yes,NA,NA,No,NA,NA,"Office supply reuse center
 Default to double-sided (duplex) printing"
"R7W: Luverne Truck Station - 301 W Koehn Avenue Luverne, MN 56101",301 W Koehn Ave,Luverne,"301 w koehn ave, luverne","301 w koehn ave, luverne","SITE, D7W, TRUCK STATION, LUVERNE",12041,0,DOT,56101,Rock,Department of Transportation,Luverne,10563,10563,Maint Shop,7,No,NA,No,NA,Randy Potts,507-283-5086,NA,NA,Ketterling Services,NA,Weight converted from volume,4200,Ketterling Services,NA,Weight converted from volume,804,NA,NA,NA,NA,NA,NA,NA,NA,NA,NA,NA,NA,5004,NA,NA,NA,NA,NA,NA,NA,NA,NA,NA,NA,NA,NA,NA,NA,NA,NA,NA,NA,NA,NA,NA,NA,NA,NA,NA,NA,NA,NA,NA,NA,NA,NA,NA,NA,NA,NA,NA,NA,NA,NA,NA,NA,NA,NA,NA,NA,NA,NA,NA,NA,NA,NA,NA,804,16.07,16.07,714.86,714.86,714.86,Yes,NA,NA,No,NA,NA,"Office supply reuse center
 Default to double-sided (duplex) printing"
"R7W: Windom Headquarters - 180 County Road 26 Windom, MN 56101",180 County Rd 26,Windom,"180 co rd 26, windom","180 co rd 26, windom","SITE, D7W, HEADQUARTERS, WINDOM",12027,0,DOT,56101,Cottonwood,Department of Transportation,Windom,52128,52128,Office/Maint Shop,40,No,NA,Yes,504,Andrew Bedbury,507-831-8000,NA,NA,Waste Management,NA,Weight converted from volume,16800,County,NA,Weight converted from volume,3336,NA,NA,NA,NA,NA,NA,NA,NA,NA,NA,NA,NA,20136,Pooley,NA,NA,NA,NA,NA,NA,NA,NA,NA,NA,NA,Advance,Weight converted from volume,477,NA,NA,NA,NA,NA,NA,Green Lights Recycling,Weight converted from volume,20,NA,NA,NA,Pooley,Actual weight,73400,NA,NA,NA,NA,NA,NA,NA,NA,NA,NA,NA,NA,Innovative,Weight converted from volume,24.5,NA,NA,NA,NA,NA,NA,NA,73921.5,NA,3336,16.57,82.14,2351.44,2351.44,172.9,Yes,NA,NA,No,NA,NA,"Office supply reuse center
 Default to double-sided (duplex) printing"
"R7W: Worthington Truck Station - 1475 Spring Avenue Worthington, MN 56187",1475 Spring Ave,Worthington,"1475 spring ave, worthington","1475 spring ave, worthington","SITE, D7W, TRUCK STATION, WORTHINGTON",12046,0,DOT,56187,Nobles,Department of Transportation,Worthington,14282,14282,Maint Shop,9,No,NA,No,NA,Randy Potts,507-376-9481,NA,NA,Schaap Sanitation,NA,Weight converted from volume,8400,Schaap Sanitation,NA,Weight converted from volume,804,NA,NA,NA,NA,NA,NA,NA,NA,NA,NA,NA,NA,9204,NA,NA,NA,NA,NA,NA,NA,NA,NA,NA,NA,NA,NA,NA,NA,NA,NA,NA,NA,NA,NA,NA,NA,NA,NA,NA,NA,NA,NA,NA,NA,NA,NA,NA,NA,NA,NA,NA,NA,NA,NA,NA,NA,NA,NA,NA,NA,NA,NA,NA,NA,NA,NA,NA,804,8.74,8.74,1022.67,1022.67,1022.67,Yes,NA,NA,No,NA,NA,"Office supply reuse center
 Default to double-sided (duplex) printing"
"R8: Glencoe Truck Station - 310 13th St W Glencoe, MN 55336",310 13th St W,Glencoe,"310 13th st w, glencoe","310 13th st w, glencoe","SITE, D8A, TRUCK STATION, GLENCOE",12055,0,DOT,55336,McLeod,Department of Transportation,Glencoe,1000,14730,office and maint. activities,5,No,NA,No,NA,Gary Grahn,320-214-6340,320-214-6307,gary.grahn@state.mn.us,Waste Management,NA,Actual weight,8400,NA,NA,NA,NA,NA,NA,NA,NA,NA,NA,NA,NA,NA,NA,NA,NA,8400,NA,NA,NA,NA,NA,NA,NA,NA,NA,NA,NA,NA,NA,NA,NA,NA,NA,NA,NA,NA,NA,NA,NA,NA,NA,NA,NA,NA,NA,NA,NA,NA,NA,NA,NA,NA,NA,NA,NA,NA,NA,NA,NA,NA,NA,NA,NA,NA,NA,NA,NA,NA,NA,NA,NA,NA,NA,1680,1680,1680,Yes,NA,NA,Yes,NA,NA,NA
"R8: Granite Falls Truck Station - 5530 Hwy 67 Granite Falls, MN 56241",5530 Hwy 67,Granite Falls,"5530 hwy 67, granite falls","5530 hwy 67, granite falls","SITE, D8A, TRUCK STATION, GRANITE FALLS",12056,0,DOT,56241,Yellow Medicine,Department of Transportation,Granite Falls,600,8904,office and maint activities,7,No,NA,No,NA,Gary Grahn,320-214-6340,320-214-6307,gary.grahn@state.mn.us,West Central Sanitation,NA,Weight converted from volume,6300,West Central Sanitation,NA,NA,NA,West Central Sanitation,NA,Actual weight,30,NA,NA,Actual weight,30,NA,NA,NA,NA,6360,NA,NA,NA,NA,NA,NA,NA,NA,NA,NA,NA,NA,NA,NA,NA,NA,NA,NA,NA,NA,NA,NA,NA,NA,NA,NA,NA,NA,NA,NA,NA,NA,NA,NA,NA,NA,NA,NA,NA,NA,NA,NA,NA,NA,NA,NA,NA,NA,NA,NA,NA,NA,NA,NA,60,0.94,0.94,908.57,908.57,908.57,Yes,NA,NA,Yes,NA,NA,NA
"R8: Ivanhoe Truck Station - 513 West Division Ivanhoe, MN 56142",513 W Division,Ivanhoe,"513 w division, ivanhoe","513 w division, ivanhoe","SITE, D8A, TRUCK STATION, IVANHOE",12058,0,DOT,56142,Lincoln,Department of Transportation,Ivanhoe,400,4624,office and maint activities,2,No,NA,No,NA,Gary Grahn,320-214-6340,320-214-6307,gary.grahn@state.mn.us,City of Ivanhoe,NA,N/A,NA,City of Ivanhoe,NA,N/A,NA,City of Ivanhoe,NA,N/A,NA,NA,NA,N/A,NA,NA,NA,NA,NA,NA,NA,NA,NA,NA,NA,NA,NA,NA,NA,NA,NA,NA,NA,NA,NA,NA,NA,NA,NA,NA,NA,NA,NA,NA,NA,NA,NA,NA,NA,NA,NA,NA,NA,NA,NA,NA,NA,NA,NA,NA,NA,NA,NA,NA,NA,NA,NA,NA,NA,NA,NA,NA,NA,NA,NA,NA,NA,NA,NA,NA,Yes,NA,NA,Yes,NA,City of Ivanhoe takes care of trash and recyclables.,NA
"R8: Litchfield Truck Station - 422 S Johnson Drive Litchfield, MN 55355",422 S Johnson Drive,Litchfield,"422 s johnson dr, litchfield","422 s johnson dr, litchfield","SITE, D8A, TRUCK STATION, LITCHFIELD",12060,0,DOT,55355,Meeker,Department of Transportation,Litchfield,1200,25592,office and maint. activities,6,No,NA,No,NA,Gary Grahn,320-214-6340,320-214-6307,gary.grahn@state.mn.us,Meeker County,NA,Actual weight,9450,Meeker County,NA,NA,82,Meeker County,NA,Actual weight,136,NA,NA,NA,136,NA,NA,NA,NA,9804,NA,NA,NA,NA,NA,NA,NA,NA,NA,NA,NA,NA,NA,NA,NA,NA,NA,NA,NA,NA,NA,NA,NA,NA,NA,NA,NA,NA,NA,NA,NA,NA,NA,NA,NA,NA,NA,NA,NA,NA,NA,NA,NA,NA,NA,NA,NA,NA,NA,NA,NA,NA,NA,NA,354,3.61,3.61,1634,1634,1634,Yes,NA,NA,Yes,NA,NA,NA
"R8: Marshall Headquarters - 1800 East College Drive Marshall, MN 56258",1800 East College Drive,Marshall,"1800 e college dr, marshall","1800 e college dr, marshall","SITE, D8A, HEADQUARTERS, MARSHALL",12048,0,DOT,56258,Lyon,Department of Transportation,Marshall,16000,59300,office and maint activities. Shop.,37,No,NA,No,NA,Gary Grahn,320-214-6340,320-214-6307,gary.grahn@state.mn.us,Waste Management,NA,Weight converted from volume,12600,Waste Management,NA,NA,NA,Waste Management,NA,NA,NA,NA,NA,Weight converted from volume,3000,NA,NA,NA,NA,15600,NA,NA,NA,NA,Weight converted from volume,1150,NA,NA,NA,NA,NA,NA,NA,Weight converted from volume,1773,NA,NA,NA,NA,NA,NA,NA,NA,NA,NA,NA,NA,NA,Actual weight,35500,NA,NA,NA,NA,NA,NA,NA,NA,NA,NA,NA,NA,NA,Weight converted from volume,280,NA,NA,21000,NA,NA,NA,NA,59703,NA,3000,19.23,83.27,2035.22,2035.22,2035.22,Yes,NA,NA,Yes,NA,NA,NA
"R8: Redwood Falls Truck Station - 217 Quality Drive Redwood Falls, MN 56283",217 Quality Drive,Redwood Falls,"217 quality dr, redwood falls","217 quality dr, redwood falls","SITE, D8A, TRUCK STATION, REDWOOD FALLS",12066,0,DOT,56283,Redwood,Investment Board,Redwood Falls,400,4704,office and maint. activities,5,No,NA,No,NA,Gary Grahn,320-214-6340,320-214-6307,gary.grahn@state.mn.us,Waste Management,Renville Recycling Center,Actual weight,12600,Waste Management,Renville Recycling Center,NA,NA,Waste Management,Renville Recycling Center,NA,NA,NA,NA,Actual weight,181,NA,NA,NA,NA,12781,NA,Actual weight,16,NA,NA,NA,NA,NA,NA,NA,NA,NA,NA,NA,NA,NA,NA,NA,NA,NA,NA,NA,NA,NA,NA,NA,NA,NA,NA,NA,NA,NA,NA,NA,NA,NA,NA,NA,NA,NA,NA,NA,NA,NA,NA,NA,NA,NA,NA,NA,NA,NA,16,NA,181,1.42,1.54,2559.4,2559.4,2559.4,Yes,NA,NA,Yes,NA,NA,NA
"R8: Slayton Truck Station - 891 US Hwy 59 Slayton, MN 56172",891 US Hwy 59,Slayton,"891 hwy hwy 59, slayton","891 hwy hwy 59, slayton","SITE, D8A, TRUCK STATION, SLAYTON",12067,0,DOT,56172,Murray,Department of Transportation,Slayton,400,4086,office and maint activities,3,No,NA,No,NA,Gary Grahn,320-214-6340,320-214-6307,gary.grahn@state.mn.us,Schaap Sanitation,NA,Weight converted from volume,4200,Schaap Sanitation,NA,NA,NA,NA,NA,NA,NA,NA,NA,NA,NA,NA,NA,NA,NA,4200,NA,NA,NA,NA,NA,NA,NA,NA,NA,NA,NA,NA,NA,NA,NA,NA,NA,NA,NA,NA,NA,NA,NA,NA,NA,NA,NA,NA,NA,NA,NA,NA,NA,NA,NA,NA,NA,NA,NA,NA,NA,NA,NA,NA,NA,NA,NA,NA,NA,NA,NA,NA,NA,NA,NA,NA,NA,1400,1400,1400,Yes,NA,NA,Yes,NA,NA,NA
"R8: Willmar Headquarters - 2505 Transportation Road Willmar, MN 56201",2505 Transportation Road,Willmar,"2505 transportation rd, willmar","2505 transportation rd, willmar","SITE, D8A, HEADQUARTERS, WILLMAR",12049,0,DOT,56201,Kandiyohi,Department of Transportation,Willmar,40000,103000,offices maint. and shop,100,No,NA,No,NA,Gary Grahn,320-214-6340,320-214-6307,gary.grahn@state.mn.us,West Central Sanitation,NA,Weight converted from volume,44800,West Central Sanitation,NA,NA,NA,West Central Sanitation,NA,Actual weight,1290,NA,NA,Actual weight,4388,NA,NA,NA,NA,50478,NA,NA,NA,NA,Weight converted from volume,385,NA,NA,NA,NA,NA,NA,NA,Weight converted from volume,1720,NA,NA,NA,NA,NA,NA,NA,NA,NA,NA,NA,NA,NA,Actual weight,132475,NA,NA,NA,NA,NA,NA,NA,NA,NA,NA,NA,NA,NA,Weight converted from volume,175,NA,Weight converted from volume,6000,NA,NA,NA,NA,140755,NA,5678,11.25,76.57,1912.33,1912.33,1912.33,Yes,NA,NA,Yes,NA,NA,NA
"Metro: AnokaTruck Station - 3601 7th Avenue N Anoka, MN 55303",3601 7th Avenue North,Anoka,"3601 7th ave n, anoka","3601 7th ave n, anoka","SITE, D5W, TRUCK STATION, ANOKA",11943,0,DOT,55303,Anoka,Department of Transportation,Anoka Truck Station,NA,NA,NA,15,No,NA,No,0,Maureen Widmer,651-234-7735,651-234-7459,maureen.widmer@state.mn.us,Republic Services,NA,Actual weight,62200,Republic Services,NA,Actual weight,4000,NA,NA,NA,NA,NA,NA,NA,NA,NA,NA,NA,NA,66200,NA,NA,NA,NA,NA,NA,NA,NA,NA,NA,NA,NA,NA,NA,NA,NA,NA,NA,NA,NA,NA,NA,NA,NA,NA,NA,NA,NA,NA,NA,NA,NA,NA,NA,NA,NA,NA,NA,NA,NA,NA,NA,NA,NA,NA,NA,NA,NA,NA,NA,NA,NA,NA,NA,4000,6.04,6.04,4413.33,4413.33,4413.33,Yes,NA,NA,Yes,NA,NA,Default to double-sided (duplex) printing
"Metro: Arden Hills Truck Station - 1905 W County Rd I Arden Hills, MN 55126",1905 West County Rd I,Arden Hills,"1905 w co rd i, arden hills","1905 w co rd i, arden hills","SITE, D5E, TRUCK STATION, ARDEN HILLS",11921,0,DOT,55112,Ramsey,Department of Transportation,Arden Hills Truck Station,NA,NA,Garage,20,No,NA,No,0,Maureen Widmer,651-234-7735,651-234-7459,maureen.widmer@state.mn.us,Republic Services,NA,Actual weight,53540,Republic Services,NA,Actual weight,48000,NA,NA,NA,NA,NA,NA,NA,NA,NA,NA,NA,NA,101540,NA,NA,NA,NA,NA,NA,NA,Actual weight,13685,NA,NA,NA,NA,Actual weight,520,NA,NA,NA,NA,NA,NA,NA,Actual weight,58.5,NA,NA,NA,NA,NA,NA,NA,Actual weight,NA,NA,NA,NA,NA,NA,NA,NA,NA,NA,NA,NA,NA,NA,NA,NA,NA,NA,NA,NA,14263.5,NA,48000,47.27,53.77,5790.18,5790.18,5790.18,Yes,NA,NA,Yes,NA,NA,Default to double-sided (duplex) printing
"R3A: Motley Truck Station - 149 River Front Lane Motley, MN 56466",149 Riverfront Ln,Motley,"149 riverfront ln, motley","149 river front ln, motley","SITE, D3A, TRUCK STATION, MOTLEY",11851,0,DOT,MN,NA,Department of Transportation,NA,NA,NA,NA,NA,NA,NA,NA,NA,NA,NA,NA,NA,Waste Management,NA,Actual weight,10500,NA,NA,NA,NA,NA,NA,NA,NA,NA,NA,NA,NA,NA,NA,NA,NA,10500,NA,NA,NA,NA,NA,NA,NA,NA,NA,NA,NA,NA,NA,NA,NA,NA,NA,NA,NA,NA,NA,NA,NA,NA,NA,NA,NA,NA,NA,NA,NA,NA,NA,NA,NA,NA,NA,NA,NA,NA,NA,NA,NA,NA,NA,NA,NA,NA,NA,NA,NA,NA,NA,NA,NA,NA,NA,NA,NA,NA,NA,NA,NA,NA,NA,NA,NA
"R8: Olivia Truck Station - 1509 W Lincoln Ave Olivia, MN 56277",1509 W Lincoln Ave,Olivia,"1509 w lincoln ave, olivia","910 w lincoln ave, olivia",Olivia TACC,12064,F,DMA,56277,Renville,Department of Transportation,Olivia,500,6281,office and maint activities,4,No,NA,No,NA,Gary Grahn,320-214-6340,320-21406307,gary.grahn@state.mn.us,West Central Sanitation,NA,Actual weight,12600,West Central Sanitation,NA,NA,NA,West Central Sanitation,NA,NA,NA,NA,NA,NA,NA,NA,NA,NA,NA,12600,NA,NA,NA,NA,NA,NA,NA,NA,NA,NA,NA,NA,NA,Actual weight,200,NA,NA,NA,NA,NA,NA,NA,NA,NA,NA,NA,NA,NA,Actual weight,900,NA,NA,NA,NA,NA,NA,NA,NA,NA,NA,NA,NA,NA,NA,NA,NA,NA,NA,NA,NA,NA,NA,1100,NA,NA,NA,8.03,3425,3425,3425,Yes,NA,NA,Yes,NA,NA,NA
"Metro: Oakdale Sign Shop - 3485 Hadley Avenue North Oakdale, MN 55128",3485 Hadley Ave E,Oakdale,"3485 hadley ave e, oakdale","3485 hadley ave, oakdale","SITE, D10, OAKDALE CENTRAL SIGN SHOP",12230,0,DOT,55128,Ramsey,Department of Transportation,Oakdale Sign Shop,NA,NA,NA,NA,NA,NA,NA,NA,Maureen Widmer,651-234-7735,NA,maureen.widmer@state.mn.us,Waste Management,NA,Actual weight,NA,NA,NA,NA,NA,NA,NA,Actual weight,192000,NA,NA,NA,NA,NA,NA,NA,NA,192000,NA,NA,NA,NA,NA,NA,NA,NA,NA,NA,NA,NA,NA,NA,NA,NA,NA,NA,NA,NA,NA,NA,NA,NA,NA,NA,NA,NA,NA,NA,NA,NA,NA,NA,NA,NA,NA,NA,NA,NA,NA,NA,NA,NA,NA,NA,NA,NA,NA,NA,NA,NA,NA,NA,192000,100,100,NA,NA,NA,Yes,NA,NA,Yes,NA,NA,Default to double-sided (duplex) printing
"R2: Thief River Falls Truck Station - 248 125th Ave NE Thief River Falls, MN 56510",248 125th Ave NE,Thief River Falls,"248 125th ave ne, thief river falls","246 125th ave ne, thief river falls",Cold Storage R2900108430,11837,F,DNR,56701,Pennington,Department of Transportation,Thief River Falls TS,NA,NA,NA,30,No,NA,Yes,NA,Joe Leas,218-277-7956,218-277-7957,joel.leas@state.mn.us,Les' Sanitation,MarKit Landfill,Weight converted from volume,8400,NA,NA,NA,NA,MNDOT,NA,NA,NA,MNDOT,NA,NA,NA,NA,NA,NA,NA,8400,NA,NA,NA,NA,NA,NA,NA,NA,NA,NA,NA,NA,MNDOT,NA,NA,NA,NA,NA,NA,NA,NA,NA,NA,NA,NA,NA,NA,NA,NA,NA,NA,NA,NA,NA,NA,NA,NA,NA,NA,NA,NA,NA,NA,NA,NA,NA,NA,NA,NA,NA,NA,NA,NA,NA,NA,NA,NA,280,280,280,Yes,NA,NA,Yes,NA,NA,NA
"R4: Glenwood Truck Station - 70 MN Hwy 55 Glenwood, MN 56334",70 Hwy 55 North,Glenwood,"70 hwy 55 n, glenwood","70 mn hwy 55, glenwood","SITE, D4A, TRUCK STATION, GLENWOOD",11906,0,DOT,56334,Pope,Department of Transportation,Glenwood,5676,5676,Office/Maintenance Shop,5,No,NA,No,NA,NA,NA,NA,NA,West Central Sanitation,NA,Actual weight,700,NA,NA,NA,NA,NA,NA,NA,NA,NA,NA,NA,NA,NA,NA,NA,NA,700,NA,NA,NA,NA,NA,NA,NA,NA,NA,NA,NA,NA,NA,NA,NA,NA,NA,NA,NA,NA,NA,NA,NA,NA,NA,NA,NA,Northern Metal,Actual weight,5800,NA,NA,NA,NA,NA,NA,NA,NA,NA,NA,NA,NA,NA,NA,NA,NA,NA,NA,NA,NA,NA,NA,5800,NA,NA,NA,89.23,1300,1300,1300,Yes,NA,NA,Yes,NA,NA,"Default to double-sided (duplex) printing
Utilizing electronic meeting materials as a standard"
"R8: Lake Benton Truck Station - 308 W Benton St., Lake Benton, MN",308 w benton st,Lake Benton,"308 w benton st, lake benton","308 w benton, lake benton","SITE, D8A, TRUCK STATION, LAKE BENTON",12059,0,DOT,NA,Lincoln,Department of Transportation,Lake Benton,NA,NA,NA,NA,NA,NA,NA,NA,NA,NA,NA,NA,Waste Management,NA,N/A,NA,NA,NA,NA,NA,NA,NA,NA,NA,NA,NA,NA,NA,NA,NA,NA,NA,NA,NA,NA,NA,NA,NA,NA,NA,NA,NA,NA,NA,NA,NA,NA,NA,NA,NA,NA,NA,NA,NA,NA,NA,NA,NA,NA,NA,NA,NA,NA,NA,NA,NA,NA,NA,NA,NA,NA,NA,NA,NA,NA,NA,NA,NA,NA,NA,NA,NA,NA,NA,NA,NA,NA,NA,NA,NA,NA,NA,NA,NA,NA,NA,NA,NA,Building is not occupied.,NA
"R4: Mahnomen Truck Station - 311 East Jefferson Mahnomen, MN 56557",311 East Jefferson Ave,Mahnomen,"311 e jefferson ave, mahnomen","311 e jefferson, mahnomen","SITE, D4A, TRUCK STATION, MAHNOMEN",11909,0,DOT,56557,Mahnomen,Department of Transportation,Mahnomen,5568,5568,Maintenance Shop,4,No,NA,No,NA,NA,NA,NA,NA,White Earth Sanitation,NA,NA,700,NA,NA,NA,NA,NA,NA,NA,NA,NA,NA,NA,NA,NA,NA,NA,NA,700,NA,NA,NA,NA,NA,NA,NA,NA,NA,NA,NA,NA,NA,NA,NA,NA,NA,NA,NA,NA,NA,NA,NA,NA,NA,NA,NA,NA,NA,NA,NA,NA,NA,NA,NA,NA,NA,NA,NA,NA,NA,NA,NA,NA,NA,NA,NA,NA,NA,NA,NA,NA,NA,NA,NA,NA,NA,175,175,175,Yes,NA,NA,Yes,NA,NA,"Default to double-sided (duplex) printing
Utilizing electronic meeting materials as a standard"
"R8: Tracy Truck Station - 1040 4th St E Tracy, MN 56175",1040 4th St E,Tracy,"1040 4th st e, tracy","1040   4th st e, tracy","SITE, D8A, TRUCK STATION, TRACY",12068,0,DOT,56175,Lyon,Department of Transportation,Tracy,400,3944,office and maint activities,3,Yes,NA,Yes,NA,Gary Grahn,320-214-6340,320-214-6307,gary.grahn@state.mn.us,Waste Management,NA,Weight converted from volume,3150,Waste Management,NA,NA,NA,Waste Management,NA,Actual weight,40,NA,NA,Actual weight,80,NA,NA,NA,NA,3270,NA,NA,NA,NA,NA,NA,NA,NA,NA,NA,NA,NA,NA,NA,NA,NA,NA,NA,NA,NA,NA,NA,NA,NA,NA,NA,NA,NA,NA,NA,NA,NA,NA,NA,NA,NA,NA,NA,NA,NA,NA,NA,NA,NA,NA,NA,NA,NA,NA,NA,NA,NA,NA,NA,120,3.67,3.67,1090,1090,1090,Yes,NA,NA,Yes,NA,NA,NA
"R2: Crookston Maintenance Headquarters - 1320 Sunflower Crookston, MN 56716",1320 Sunflower St,Crookston,"1320 sunflower st, crookston","1320 sunflower, crookston","SITE, D2B, HEADQUARTERS, CROOKSTON",11810,0,DOT,56716,Polk,Department of Transportation,Crookston HQ,NA,NA,NA,27,No,NA,Yes,NA,Joe Leas,218-277-7956,218-277-7957,joel.leas@state.mn.us,Regional Sanitation,Polk County Transfer Station,Weight converted from volume,5600,NA,NA,NA,NA,MNDOT,Polk County Transfer Station,Actual weight,12,MNDOT,Polk County Transfer Station,Actual weight,160,NA,NA,NA,NA,5772,NA,NA,NA,NA,NA,NA,NA,NA,NA,NA,NA,NA,NA,NA,NA,NA,NA,NA,NA,NA,NA,NA,NA,NA,NA,NA,NA,NA,NA,NA,NA,NA,NA,NA,NA,NA,NA,NA,NA,NA,NA,NA,NA,NA,NA,NA,NA,NA,NA,NA,NA,NA,NA,NA,172,2.98,2.98,213.78,213.78,213.78,Yes,NA,NA,Yes,NA,NA,"Refillable water stations (plumbed in)
 Default to double-sided (duplex) printing
Partner with State Surplus for redistributing unneeded supplies"
"R2: Bemidji Headquarters - 3920 Highway 2 W Bemidji, MN 56619",3920 US Hwy 2,Bemidji,"3920 hwy hwy 2, bemidji","3920 hwy 2 w, bemidji","SITE, D2A, HEADQUARTERS, BEMIDJI",11809,0,DOT,56601,NA,Department of Transportation,D2 BEMIDJI HQS,NA,NA,OFFICE/TRUCK STATION,130,No,0,Yes,NA,Joe Leas,218-277-7956,218-277-7957,joel.leas@state.mn.us,WASTE MGMT,BEMIDJI WASTE MGMT,Weight converted from volume,8400,NA,NA,NA,NA,WASTE MGMT,BEMIDJI WASTE MGMT,Actual weight,14,WASTE MGMT,BEMIDJI WASTE MGMT,Actual weight,2220,NA,NA,NA,NA,10634,NA,NA,NA,NA,NA,NA,NA,NA,NA,NA,NA,NA,Vendor,Weight converted from volume,353,NA,NA,NA,NA,NA,NA,Green Lights,Actual weight,1241,NA,NA,NA,Lyle's Salvage,Actual weight,14520,NA,NA,NA,NA,NA,NA,NA,NA,NA,NA,NA,NA,NA,NA,NA,NA,NA,NA,NA,NA,NA,NA,16114,NA,2234,21.01,68.6,205.75,205.75,205.75,Yes,NA,NA,NA,NA,NA,"Refillable water stations (plumbed in)
 Default to double-sided (duplex) printing
Partner with State Surplus for redistributing unneeded supplies"
"R4: Detroit Lakes District Headquarters - 1000 West TH 10 Detroit Lakes, MN 56501",1000 Hwy 10 West,Detroit Lakes,"1000 hwy 10 w, detroit lakes","1000 w th 10, detroit lakes","SITE, D4A, HEADQUARTERS, DETROIT LAKES",11878,0,DOT,56501,Becker,Department of Transportation,Detroit Lakes,140655,140655,Offices/Repair Shop,110,No,NA,Yes,300,NA,NA,NA,NA,Waste Management,NA,NA,NA,Waste Management,NA,Actual weight,8633,NA,NA,NA,NA,Waste Management,NA,Actual weight,527,NA,NA,NA,NA,9160,NA,NA,NA,NA,NA,NA,NA,NA,NA,NA,NA,NA,Farnams,Weight converted from volume,106,NA,NA,NA,NA,NA,NA,Green Lights Recycling,Weight converted from volume,152,NA,NA,NA,lakes iron,Actual weight,7850,NA,NA,NA,NA,NA,NA,NA,NA,NA,NA,NA,NA,NA,NA,NA,First State Tire,NA,NA,NA,NA,NA,NA,8108,NA,9160,100,100,156.98,156.98,42.12,Yes,NA,NA,Yes,NA,NA,"Refillable water stations (plumbed in)
 Default to double-sided (duplex) printing
Utilizing electronic meeting materials as a standard
Utilizing electronic HR and IT processes as a standard
Partner with State Surplus for redistributing unneeded supplies"
"R3A: Wadena Truck Station - 1701 Industrial Drive Wadena, MN 56482",1701 Industrial Park Dr,Wadena,"1701 indhwytrial park dr, wadena","1701 indhwytrial dr, wadena","SITE, D3A, TRUCK STATION, WADENA",11854,0,DOT,56482,NA,Department of Transportation,NA,NA,NA,NA,NA,NA,NA,NA,NA,NA,NA,NA,NA,Waste Management,NA,Actual weight,10500,NA,NA,NA,NA,NA,NA,NA,NA,NA,NA,NA,NA,NA,NA,NA,NA,10500,NA,NA,NA,NA,NA,NA,NA,NA,NA,NA,NA,NA,NA,NA,NA,NA,NA,NA,NA,NA,NA,NA,NA,NA,NA,NA,NA,NA,NA,NA,NA,NA,NA,NA,NA,NA,NA,NA,NA,NA,NA,NA,NA,NA,NA,NA,NA,NA,NA,NA,NA,NA,NA,NA,NA,NA,NA,NA,NA,NA,NA,NA,NA,NA,NA,NA,NA
"R2: Ada Truck Station - 508 Fourth Street East Ada, MN 56510",508 4th St E.,Ada,"508 4th st e, ada","505 e 4th st, ada","SITE, D2B, TRUCK STATION, ADA",11824,0,DOT,56510,Norman,Department of Transportation,Ada TS,NA,NA,NA,4,No,NA,No,NA,Joe Leas,218-277-7956,218-277-7957,joel.leas@state.mn.us,Al's Disposal,Polk County Incinerator,Weight converted from volume,1050,NA,NA,NA,NA,Ada City Recycling,NA,Actual weight,16,NA,NA,NA,NA,NA,NA,NA,NA,1066,NA,NA,NA,NA,NA,NA,NA,NA,NA,NA,NA,NA,NA,NA,NA,NA,NA,NA,NA,NA,NA,NA,NA,NA,NA,NA,NA,NA,NA,NA,NA,NA,NA,NA,NA,NA,NA,NA,NA,NA,NA,NA,NA,NA,NA,NA,Weight converted from volume,189,NA,NA,NA,NA,189,NA,16,1.5,16.33,313.75,313.75,313.75,Yes,NA,NA,Yes,NA,NA,NA
"R8: Pipestone Truck Station - 604 4th St NW Pipestone, M 56164",604 4th St NW,Pipestone,"604 4th st nw, pipestone","604   4th st w, pipestone","SITE, D8A, TRUCK STATION, PIPESTONE",12065,0,DOT,56164,Pipestone,Department of Transportation,Pipestone,2000,20215,office and maint. activities,4,No,NA,No,NA,Gary Grahn,320-214-6340,320-214-6307,gary.grahn@state.mn.us,City of Pipestone,NA,Actual weight,6300,NA,NA,NA,NA,City of Pipestone,NA,Actual weight,40,NA,NA,Actual weight,260,NA,NA,NA,NA,6600,NA,NA,NA,NA,NA,NA,NA,NA,NA,NA,NA,NA,NA,NA,NA,NA,NA,NA,NA,NA,NA,NA,NA,NA,NA,NA,NA,NA,NA,NA,NA,NA,NA,NA,NA,NA,NA,NA,NA,NA,NA,NA,NA,NA,NA,NA,NA,NA,NA,NA,NA,NA,NA,NA,300,4.55,4.55,1650,1650,1650,Yes,NA,NA,Yes,NA,NA,NA
"R2: Hallock Truck Station - 307 South Colombus Avenue Hallock, MN 56728",307 S. Columbus,Hallock,"307 s columbhwy, hallock","307 s columbhwy ave, hallock","SITE, D2B, TRUCK STATION, HALLOCK",11832,0,DOT,56728,Polk,Department of Transportation,Hallock TS,NA,NA,NA,3,No,NA,No,NA,Joe Leas,218-277-7956,218-277-7957,joel.leas@state.mn.us,Anderson Sanitation,MarKit Landfill,Weight converted from volume,525,NA,NA,NA,NA,NA,NA,NA,NA,NA,NA,NA,NA,NA,NA,NA,NA,525,NA,NA,NA,NA,NA,NA,NA,NA,NA,NA,NA,NA,MNDOT,NA,NA,NA,NA,NA,NA,NA,NA,NA,NA,NA,NA,NA,NA,NA,NA,NA,NA,NA,NA,NA,NA,NA,NA,NA,NA,NA,NA,NA,NA,NA,NA,MNDOT,NA,NA,NA,NA,NA,NA,NA,NA,NA,NA,NA,175,175,175,Yes,NA,NA,Yes,NA,NA,NA
"R7W: St. James Truck Station - 1513 7th Avenue South St. James, MN 56081",1413 7th Ave So,St James,"1413 7th ave so, st james","1513   7th ave s, st james","SITE, D7W, TRUCK STATION, ST JAMES",12044,0,DOT,56081,Watonwan,Department of Transportation,St James,12492,12492,Mait Shop,6,No,NA,No,NA,Mark Larson,507-375-4051,NA,NA,Waste Management,NA,Weight converted from volume,6300,Waste Management,NA,NA,NA,NA,NA,NA,NA,NA,NA,NA,NA,NA,NA,NA,NA,6300,NA,NA,NA,NA,NA,NA,NA,NA,NA,NA,NA,NA,NA,NA,NA,NA,NA,NA,NA,NA,NA,NA,NA,NA,NA,NA,NA,NA,NA,NA,NA,NA,NA,NA,NA,NA,NA,NA,NA,NA,NA,NA,NA,NA,NA,NA,NA,NA,NA,NA,NA,NA,NA,NA,NA,NA,NA,1050,1050,1050,Yes,NA,NA,No,NA,NA,"Office supply reuse center
 Default to double-sided (duplex) printing"
"R2: Baudette Truck Station - 504 Main Street East Baudette, MN 56623",504 Main St,Baudette,"504 main st, baudette","204 main st e, baudette",Office & Garage,11825,F,DNR,56623,NA,NA,Baudette TS,NA,NA,NA,6,No,NA,No,NA,Joe Leas,218-277-7956,218-277-7957,joel.leas@state.mn.us,Walleye Capital (City),MarKit Landfill,Weight converted from volume,1400,NA,NA,NA,NA,NA,NA,NA,NA,NA,NA,NA,NA,NA,NA,NA,NA,1400,NA,NA,NA,NA,NA,NA,NA,NA,NA,NA,NA,NA,Vendor,Weight converted from volume,53,NA,NA,NA,NA,NA,NA,NA,NA,NA,NA,NA,NA,NA,NA,NA,NA,NA,NA,NA,NA,NA,NA,NA,NA,NA,NA,NA,NA,NA,NA,NA,NA,NA,NA,NA,NA,NA,53,NA,NA,NA,3.65,242.17,242.17,242.17,Yes,NA,NA,Yes,NA,NA,NA
"R2: Park Rapids Truck Station - 505 Industrial Park Road Park Rapids, MN 56470",505 Industrial Park Rd,Park Rapids,"505 indhwytrial park rd, park rapids","500 washington ave indhwytrial park rd, park rapids","SITE, D2A, TRUCK STATION, PARK RAPIDS",11835,0,DOT,56470,Hubbard,Department of Transportation,Park Rapids TS,NA,NA,NA,6,No,NA,No,NA,Joe Leas,218-277-7955,218-277-7957,joel.leas@state.mn.us,Waste Management,Bemidji Waste Management,Weight converted from volume,700,NA,NA,NA,NA,MNDOT,NA,NA,NA,MNDOT,NA,NA,NA,NA,NA,NA,NA,700,NA,NA,NA,NA,NA,NA,NA,NA,NA,NA,NA,NA,NA,NA,NA,NA,NA,NA,NA,NA,NA,NA,NA,NA,NA,NA,NA,MNDOT,NA,NA,NA,NA,NA,NA,NA,NA,NA,NA,NA,NA,NA,NA,NA,NA,NA,MNDOT,NA,NA,MNDOT,NA,NA,NA,NA,NA,NA,NA,NA,116.67,116.67,116.67,Yes,NA,NA,Yes,NA,NA,NA
"R8: Montevideo Truck Station - 815 N 17th St Montevideo, MN 56265",815 N 17th St,Montevideo,"815 n 17th st, montevideo","711 s 17th st, montevideo",Montevideo TACC,12063,F,DMA,56265,Chippewa,Department of Transportation,Montevideo,600,5280,office and maint activities,6,No,NA,No,NA,Gary Grahn,320-214-6340,320-213-6307,gary.grahn@state.mn.us,City of Montevideo,NA,Weight converted from volume,6300,City of Montevideo,NA,NA,NA,City of Montevideo,NA,Actual weight,60,NA,NA,Actual weight,60,NA,NA,NA,NA,6420,NA,NA,NA,NA,NA,NA,NA,NA,NA,NA,NA,NA,NA,NA,NA,NA,NA,NA,NA,NA,NA,NA,NA,NA,NA,NA,NA,NA,NA,200,NA,NA,NA,NA,NA,NA,NA,NA,NA,NA,NA,NA,NA,NA,NA,NA,Actual weight,1100,NA,NA,NA,NA,1300,NA,120,1.87,18.39,1286.67,1286.67,1286.67,Yes,NA,NA,Yes,NA,NA,NA
D2: East Grand Forks Truck Station,2512 10th St NE,East Grand Forks,"2512 10th st ne, e grand forks","2511 hwy 2 ne, e grand forks","SITE, D2B, TRUCK STATION, EAST GRAND FORKS",11829,0,DOT,56721,Polk,Department of Transportation,East Grand Forks TS,NA,NA,"Shop, office",5,No,NA,No,NA,Joe Leas,218-277-7956,218-277-7957,joel.leas@state.mn.us,Waste Management,"Grand Forks, ND Landfill",Weight converted from volume,1400,NA,NA,NA,NA,MNDOT,NA,NA,NA,NA,NA,NA,NA,NA,NA,NA,NA,1400,NA,NA,NA,NA,NA,NA,NA,NA,NA,NA,NA,NA,NA,NA,NA,NA,NA,NA,NA,NA,NA,NA,NA,NA,NA,NA,NA,NA,NA,NA,NA,NA,NA,NA,NA,NA,NA,NA,NA,NA,NA,NA,NA,NA,NA,MNDOT,NA,NA,NA,NA,NA,NA,NA,NA,NA,NA,NA,280,280,280,Yes,NA,NA,NA,NA,NA,NA
"R7W: Adrian Truck Station - 504 County Road 35 Adrian, MN 56110",504 Co Rd 35 56110,Adrain,"504 co rd 35 56110, adrain","504 co rd 35, adrian","SITE, D7W, TRUCK STATION, ADRIAN",12038,0,DOT,56110,Nobles,Department of Transportation,Adrian,5520,5520,Maint Shop,4,No,NA,No,NA,Randy Potts,507-483-2818,NA,NA,Schaap Sanitation,NA,Weight converted from volume,4200,Schaap Sanitation,NA,Weight converted from volume,804,NA,NA,NA,NA,NA,NA,NA,NA,NA,NA,NA,NA,5004,NA,NA,NA,NA,NA,NA,NA,NA,NA,NA,NA,NA,NA,NA,NA,NA,NA,NA,NA,NA,NA,NA,NA,NA,NA,NA,NA,NA,NA,NA,NA,NA,NA,NA,NA,NA,NA,NA,NA,NA,NA,NA,NA,NA,NA,NA,NA,NA,NA,NA,NA,NA,NA,NA,804,16.07,16.07,1251,1251,1251,Yes,NA,NA,No,NA,NA,"Office supply reuse center
 Default to double-sided (duplex) printing"
"R3A: Baxter District Headquarters - 1991 Industrial Park Road Crow Wing, MN 56401",7694 Industrial Park Rd,Baxter,"7694 indhwytrial park rd, baxter","8053 indhwytrial park rd, baxter",Baxter - Quality Enterprises II - 8053 Industrial - MSOCS Admin office,11843,F,DHS,56425,Crow Wing,Department of Transportation,NA,NA,NA,NA,NA,NA,NA,NA,NA,NA,NA,NA,NA,Waste Management,NA,Actual weight,30800,East Side Oil Companies/WM,NA,Actual weight,834,NA,NA,NA,NA,NA,NA,NA,NA,NA,NA,NA,NA,31634,NA,NA,NA,NA,NA,NA,NA,NA,NA,NA,NA,NA,NA,NA,NA,NA,NA,NA,NA,NA,NA,NA,NA,NA,NA,NA,NA,Financial Operations Sale of Surplus Materials,Actual weight,346.8,NA,NA,NA,NA,NA,NA,NA,NA,NA,NA,NA,NA,Hewlett Packard,NA,NA,First State Tire disposal,NA,NA,NA,NA,NA,NA,346.8,NA,834,2.64,3.69,NA,NA,NA,NA,NA,NA,NA,NA,NA,NA
"R7E: New Ulm Truck Station - 58418 County Rd 21 New Ulm, MN 56073",58417 County rd 27,New Ulm,"58417 co rd 27, new ulm","58418 co rd 21, new ulm","SITE, D7E, TRUCK STATION, NEW ULM",12021,0,DOT,56073,Brown,Department of Transportation,New Ulm,11700,11700,Maint Shop,4,NA,NA,No,NA,Tony Desantiago,507-354-1173,NA,NA,Riverview Sanitation,NA,Weight converted from volume,8400,Riverview Sanitation,NA,Weight converted from volume,804,NA,NA,NA,NA,NA,NA,NA,NA,NA,NA,NA,NA,9204,NA,NA,NA,NA,NA,NA,NA,NA,NA,NA,NA,NA,NA,NA,NA,NA,NA,NA,NA,NA,NA,NA,NA,NA,NA,NA,NA,NA,NA,NA,NA,NA,NA,NA,NA,NA,NA,NA,NA,NA,NA,NA,NA,NA,NA,NA,NA,NA,NA,NA,NA,NA,NA,NA,804,8.74,8.74,2301,2301,2301,Yes,NA,NA,No,NA,NA,"Office supply reuse center
 Default to double-sided (duplex) printing"
"D3A: Pine River Truck Station - 3019 State 371 SW Pine River, MN 56474",3019 State 371 SW,Pine River,"3019 state 371 sw, pine river","3019 mn hwy 371 sw, pine river","SITE, D3A, TRUCK STATION, PINE RIVER",11852,0,DOT,56474,NA,Department of Transportation,NA,NA,NA,NA,NA,NA,NA,NA,NA,NA,NA,NA,NA,Waste Partners,NA,Actual weight,4200,NA,NA,NA,NA,NA,NA,NA,NA,NA,NA,NA,NA,NA,NA,NA,NA,4200,NA,NA,NA,NA,NA,NA,NA,NA,NA,NA,NA,NA,NA,NA,NA,NA,NA,NA,NA,NA,NA,NA,NA,NA,NA,NA,NA,NA,NA,NA,NA,NA,NA,NA,NA,NA,NA,NA,NA,NA,NA,NA,NA,NA,NA,NA,NA,NA,NA,NA,NA,NA,NA,NA,NA,NA,NA,NA,NA,NA,NA,NA,NA,NA,NA,NA,NA
"R4: Alexandria Truck Station - 1405 Hwy 27 W Alexandria, MN 56308",1405 34th Ave West,Alexandria,"1405 34th ave w, alexandria","1430 maryland ave e, saint paul",BCA Maryland Bldg & Garage,11899,F,ADM,56308,Douglas,Department of Transportation,Alexandria,18138,18138,Office/Maintenance Shop,15,No,NA,No,NA,NA,NA,NA,NA,Waste Management,NA,NA,NA,Waste Management,NA,Actual weight,700,Waste Management,NA,Actual weight,3,Waste Management,NA,NA,NA,NA,NA,NA,NA,703,NA,NA,NA,NA,NA,NA,NA,NA,NA,NA,NA,NA,NA,NA,NA,NA,NA,NA,NA,NA,NA,NA,NA,NA,NA,NA,NA,NA,NA,NA,NA,NA,NA,NA,NA,NA,NA,NA,NA,NA,NA,NA,NA,NA,NA,NA,NA,NA,NA,NA,NA,NA,NA,NA,703,100,100,46.87,46.87,46.87,Yes,NA,NA,Yes,NA,NA,"Refillable water stations (plumbed in)
 Default to double-sided (duplex) printing
Utilizing electronic meeting materials as a standard"
"R3A: Garrison Truck Station - 27365 MN Highway 18 Garrison, MN 56450",27365 State Highway 18,Garrison,"27365 state hwy 18, garrison","27365 mn hwy 18, garrison","SITE, D3A, TRUCK STATION, GARRISON",11847,0,DOT,56450,NA,Department of Transportation,NA,NA,NA,NA,NA,NA,NA,NA,NA,NA,NA,NA,NA,Garrison Disposal/Waste Management,NA,Actual weight,2100,NA,NA,NA,NA,NA,NA,NA,NA,NA,NA,NA,NA,NA,NA,NA,NA,2100,NA,NA,NA,NA,NA,NA,NA,NA,NA,NA,NA,NA,NA,NA,NA,NA,NA,NA,NA,NA,NA,NA,NA,NA,NA,NA,NA,NA,NA,NA,NA,NA,NA,NA,NA,NA,NA,NA,NA,NA,NA,NA,NA,NA,NA,NA,NA,NA,NA,NA,NA,NA,NA,NA,NA,NA,NA,NA,NA,NA,NA,NA,NA,NA,NA,NA,NA
"R2: Erskine Truck Station - 34659 Highway 59 SE Erskine, MN 56535",34659 US Hwy 59,Erskine,"34659 hwy hwy 59, erskine","hwy 2 e of hwy 59, erskine","SITE, D2B, WEIGH SCALE, ERSKINE",11842,0,DOT,56535,Polk,Department of Transportation,Erskine TS,NA,NA,NA,6,No,NA,No,NA,Joe Leas,218-277-7956,218-277-7957,joel.leas@state.mn.us,Bacon Day,Polk County Incinerator,Weight converted from volume,1400,NA,NA,NA,NA,MNDOT,NA,NA,NA,MNDOT,NA,NA,NA,NA,NA,NA,NA,1400,NA,NA,NA,NA,NA,NA,NA,NA,NA,NA,NA,NA,NA,NA,NA,MNDOT,NA,NA,NA,NA,NA,NA,NA,NA,NA,NA,NA,MNDOT,NA,NA,NA,NA,NA,NA,NA,NA,NA,NA,NA,NA,NA,NA,NA,NA,NA,MNDOT,NA,NA,MNDOT,NA,NA,NA,NA,NA,NA,NA,NA,233.33,233.33,233.33,Yes,NA,NA,Yes,NA,NA,NA
"R8: Hutchinson Truck Station - 1400 Adams St SE Hutchinson, MN 55350",1400 Adams St SE,Hutchinson,"1400 adams st se, hutchinson","709 dale st, hutchinson",Hutchinson - 709 Dale St - Little Crow,12057,F,DHS,55350,McLeod,Department of Transportation,Hutchinson,6000,43680,office and maint activities,18,No,NA,No,NA,Gary Grahn,320-214-6340,320-214-6307,gary.grahn@state.mn.us,West Central Sanitation,NA,NA,9450,NA,NA,NA,NA,NA,NA,NA,NA,NA,NA,NA,NA,NA,NA,NA,NA,9450,NA,NA,NA,NA,NA,NA,NA,NA,NA,NA,NA,NA,NA,Actual weight,500,NA,NA,NA,NA,NA,NA,NA,NA,NA,NA,NA,NA,NA,Actual weight,9000,NA,NA,NA,NA,NA,NA,NA,NA,NA,NA,NA,NA,NA,NA,NA,NA,NA,NA,NA,NA,NA,NA,9500,NA,NA,NA,50.13,1052.78,1052.78,1052.78,Yes,NA,NA,Yes,NA,NA,NA
"R2: Walker Truck Station - 8005 Sautbine Road NW Walker, MN 56484",8005 Sautbine Rd NW,Walker,"8005 sautbine rd nw, walker","4815 w arrowhead rd, suite 200, hermantown",Hermantown - West Arrowhead,11838,F,DHS,56484,Cass,Department of Transportation,Walker TS,NA,NA,NA,6,No,NA,No,NA,Joe Leas,218-277-7956,218-277-7957,joel.leas@state.mn.us,City Sanitation,Pine River Transfer Station,Weight converted from volume,1400,NA,NA,NA,NA,MNDOT,NA,Actual weight,20,MNDOT,NA,Actual weight,30,NA,NA,NA,NA,1450,NA,NA,NA,NA,NA,NA,NA,NA,NA,NA,NA,NA,NA,NA,NA,MNDOT,NA,NA,NA,NA,NA,NA,NA,NA,NA,NA,NA,MNDOT,Actual weight,415,NA,NA,NA,NA,NA,NA,NA,NA,NA,NA,NA,NA,NA,NA,NA,MNDOT,Actual weight,300,MNDOT,NA,NA,NA,715,NA,50,3.45,35.33,360.83,360.83,360.83,Yes,NA,NA,Yes,NA,NA,NA
"R4: Morris Headquarters - 610 MN Hwy 9 South Morris, MN 56267",51 Minnesota Drive,Morris,"51 minnesota dr, morris","1715 marion rd, rochester",Rochester TACC,11879,F,DMA,56267,Stevens,Department of Transportation,Morris,41836,41836,Office/Maintenance Shop,30,No,NA,No,NA,NA,NA,NA,NA,Engebretson Sanitary Landfill,"Morris, Mn",Weight converted from volume,4550,NA,NA,NA,NA,NA,NA,NA,NA,Engebretson Sanitary Landfill,"Morris, MN",Weight converted from volume,570,NA,NA,NA,NA,5120,NA,NA,NA,NA,NA,NA,NA,NA,NA,NA,NA,NA,NA,NA,NA,NA,NA,NA,NA,NA,NA,NA,NA,NA,NA,NA,NA,NA,NA,NA,NA,Actual weight,14,NA,NA,NA,NA,NA,NA,NA,NA,NA,NA,NA,NA,NA,NA,NA,NA,NA,NA,NA,14,NA,570,11.13,11.38,171.13,171.13,171.13,Yes,NA,NA,Yes,NA,NA,"Office supply reuse center
Refillable water stations (plumbed in)
 Default to double-sided (duplex) printing
Utilizing electronic meeting materials as a standard
Utilizing electronic HR and IT processes as a standard
Partner with State Surplus for redistributing unneeded supplies"
"R4: Perham Truck Station - 711 3rd Avenue SE Perham, MN 56573",411 Coney Street East,Perham,"411 coney st e, perham","8501 pederson rd, wakeup camp host site, ely",Pump House at Wakemup - Pd by Bear Head,11912,F,DNR,56573,Otter Tail,Department of Transportation,Perham,3599,3599,Maintenance Shop,6,No,NA,No,NA,NA,NA,NA,NA,Waste Management,NA,NA,NA,Waste Management,NA,Weight converted from volume,525,NA,NA,NA,NA,NA,NA,NA,NA,NA,NA,NA,NA,525,NA,NA,NA,NA,NA,NA,NA,NA,NA,NA,NA,NA,NA,NA,NA,NA,NA,NA,NA,NA,NA,NA,NA,NA,NA,NA,NA,NA,NA,NA,NA,NA,NA,NA,NA,NA,NA,NA,NA,NA,NA,NA,NA,NA,NA,NA,NA,NA,NA,NA,NA,NA,NA,NA,525,100,100,87.5,87.5,87.5,Yes,NA,NA,Yes,NA,NA,"Default to double-sided (duplex) printing
Utilizing electronic meeting materials as a standard"
"R2: Warren Truck Station - 417 South Main Street Warren, MN 56762",417 S Main,Warren,"417 s main, warren","433 s main st, warren","SITE, D2B, TRUCK STATION, WARREN",11839,0,DOT,56762,Marshall,Department of Transportation,Warren TS,NA,NA,NA,3,No,NA,No,NA,Joe Leas,218-277-7956,218-277-7957,joel.leas@state.mn.us,City of Warren,MarKit Landfill,Weight converted from volume,700,NA,NA,NA,NA,MNDOT,Local recycling container,NA,NA,MNDOT,Local recycling container,NA,NA,NA,NA,NA,NA,700,NA,NA,NA,NA,NA,NA,NA,NA,NA,NA,NA,NA,NA,NA,NA,NA,NA,NA,NA,NA,NA,NA,NA,NA,NA,NA,NA,NA,NA,NA,NA,NA,NA,NA,NA,NA,NA,NA,NA,NA,NA,NA,NA,NA,NA,MNDOT,NA,NA,NA,NA,NA,NA,NA,NA,NA,NA,NA,233.33,233.33,233.33,Yes,NA,NA,Yes,NA,NA,NA
"D2: Northome Truck Station - 12080 Town Road 299, Northome, MN",12080 Town Rd 299,Northome,"12080 town rd 299, nome","2702 109th ln nw, coon rapids",Coon Rapids - 109th Coon Rapids 2,11834,F,DHS,56661,Koochiching,Department of Transportation,Northome TS,NA,NA,NA,5,No,NA,No,NA,Joe Leas,218-277-7956,218-277-7957,joel.leas@state.mn.us,Friends Inc,Int'l Falls Transfer Station,Weight converted from volume,1050,NA,NA,NA,NA,MNDOT,Local recycling container,Actual weight,26,MNDOT,Local recycling container,Actual weight,55,NA,NA,NA,NA,1131,NA,NA,NA,NA,NA,NA,NA,NA,NA,NA,NA,NA,NA,NA,NA,NA,NA,NA,NA,NA,NA,NA,NA,NA,NA,NA,NA,NA,Actual weight,100,NA,NA,NA,NA,NA,NA,NA,NA,NA,NA,NA,NA,NA,NA,NA,NA,NA,NA,NA,NA,NA,NA,100,NA,81,7.16,14.7,246.2,246.2,246.2,Yes,NA,NA,Yes,NA,NA,NA
"D2: Grygla Truck Station - 410 S Marshall Ave, Grygla MN 56727",410 Marshall Ave,Grygla,"410 marshall ave, grygla","19041 hwy 74 old garage, altura",Whitewater SP Cold Storage R2900501320,11831,F,DNR,56727,Marshall,Department of Transportation,Grygla TS,NA,NA,NA,3,No,NA,No,NA,Joe Leas,218-277-7956,218-277-7957,joel.leas@state.mn.us,Spruce Valley Corp,MarKit Landfill,Weight converted from volume,700,NA,NA,NA,NA,NA,NA,NA,NA,NA,NA,NA,NA,NA,NA,NA,NA,700,NA,NA,NA,NA,NA,NA,NA,NA,NA,NA,NA,NA,NA,NA,NA,NA,NA,NA,NA,NA,NA,NA,NA,NA,NA,NA,NA,NA,NA,NA,NA,NA,NA,NA,NA,NA,NA,NA,NA,NA,NA,NA,NA,NA,NA,NA,NA,NA,NA,NA,NA,NA,NA,NA,NA,NA,NA,233.33,233.33,233.33,Yes,NA,NA,Yes,NA,NA,NA
"R2: Bagley Truck Station - 20602 US 2 Bagley, MN 56621",20602 US Hwy 2,Bagley,"20602 hwy hwy 2, bagley","500 hwy hwy 10 e, hawley","SITE, D4A, TRUCK STATION, HAWLEY",11907,F,DOT,56621,Clearwater,Department of Transportation,Bagley TS,NA,NA,NA,5,No,NA,No,NA,Joe Leas,218-277-7956,218-277-7957,joel.leas@state.mn.us,Linstrom,Polk County Incinerator,Weight converted from volume,1400,NA,NA,NA,NA,NA,NA,NA,NA,NA,NA,NA,NA,NA,NA,NA,NA,1400,NA,NA,NA,NA,NA,NA,NA,NA,NA,NA,NA,NA,NA,NA,NA,NA,NA,NA,NA,NA,NA,NA,NA,NA,NA,NA,NA,NA,NA,NA,NA,NA,NA,NA,NA,NA,NA,NA,NA,NA,NA,NA,NA,NA,NA,NA,NA,NA,NA,NA,NA,NA,NA,NA,NA,NA,NA,280,280,280,Yes,NA,NA,Yes,NA,NA,NA
"R3A: Aitkin Truck Station - 1158 Air Park Drive Aitkin, MN 56431",NA,NA,"na, na","n/a, n/a",Aggregated Remaining Facilities,11846,F,METC,NA,NA,NA,NA,NA,NA,NA,NA,NA,NA,NA,NA,NA,NA,NA,NA,Garrison Disposal,NA,Actual weight,2100,NA,NA,NA,NA,NA,NA,NA,NA,NA,NA,NA,NA,NA,NA,NA,NA,2100,NA,NA,NA,NA,NA,NA,NA,NA,NA,NA,NA,NA,NA,NA,NA,NA,NA,NA,NA,NA,NA,NA,NA,NA,NA,NA,NA,NA,NA,NA,NA,NA,NA,NA,NA,NA,NA,NA,NA,NA,NA,NA,NA,NA,NA,NA,NA,NA,NA,NA,NA,NA,NA,NA,NA,NA,NA,NA,NA,NA,NA,NA,NA,NA,NA,NA,NA
"R3A: Long Prairie Truck Station - 24291 State Hwy 71 Long Prairie, MN 56347",NA,NA,"na, na","n/a, n/a",Aggregated Remaining Facilities,11850,F,METC,NA,NA,NA,NA,NA,NA,NA,NA,NA,NA,NA,NA,NA,NA,NA,NA,American Disposal,NA,NA,NA,Long Prairie Sanitation,NA,Actual weight,556,NA,NA,NA,NA,NA,NA,NA,NA,NA,NA,NA,NA,556,NA,NA,NA,NA,NA,NA,NA,NA,NA,NA,NA,NA,NA,NA,NA,NA,NA,NA,NA,NA,NA,NA,NA,NA,NA,NA,NA,NA,NA,NA,NA,NA,NA,NA,NA,NA,NA,NA,NA,NA,NA,NA,NA,NA,NA,NA,NA,NA,NA,NA,NA,NA,NA,NA,556,100,100,NA,NA,NA,NA,NA,NA,NA,NA,NA,NA
"R3A: Remer Truck Station - 112 Eagle Avenue NE Remer, MN 56672",NA,NA,"na, na","n/a, n/a",Aggregated Remaining Facilities,11853,F,METC,NA,NA,NA,NA,NA,NA,NA,NA,NA,NA,NA,NA,NA,NA,NA,NA,American Disposal,NA,Actual weight,0,NA,NA,NA,NA,NA,NA,NA,NA,NA,NA,NA,NA,NA,NA,NA,NA,0,NA,NA,NA,NA,NA,NA,NA,NA,NA,NA,NA,NA,NA,NA,NA,NA,NA,NA,NA,NA,NA,NA,NA,NA,NA,NA,NA,NA,NA,NA,NA,NA,NA,NA,NA,NA,NA,NA,NA,NA,NA,NA,NA,NA,NA,NA,NA,NA,NA,NA,NA,NA,NA,NA,NA,NA,NA,NA,NA,NA,NA,NA,NA,NA,NA,NA,NA
D3B: Albany Truck Station - 34916 County Road 10,NA,NA,"na, na","n/a, n/a",Aggregated Remaining Facilities,11867,F,METC,NA,NA,NA,NA,NA,NA,NA,NA,NA,NA,NA,NA,NA,NA,NA,NA,Waste Management,NA,Actual weight,1050,NA,NA,NA,NA,NA,NA,NA,NA,NA,NA,NA,NA,NA,NA,NA,NA,1050,NA,NA,NA,NA,NA,NA,NA,NA,NA,NA,NA,NA,NA,NA,NA,NA,NA,NA,NA,NA,NA,NA,NA,NA,NA,NA,NA,NA,NA,NA,NA,NA,NA,NA,NA,NA,NA,NA,NA,NA,NA,NA,NA,NA,NA,NA,NA,NA,NA,NA,NA,NA,NA,NA,NA,NA,NA,NA,NA,NA,NA,NA,NA,NA,NA,NA,NA
"D3B: Big Spunk Rest Area - 33301 I-94, Avon, MN  56310",NA,NA,"na, na","n/a, n/a",Aggregated Remaining Facilities,11861,F,METC,NA,NA,NA,NA,NA,NA,NA,NA,NA,NA,NA,NA,NA,NA,NA,NA,Waste Management,NA,Actual weight,5600,Waste Management,NA,Actual weight,208.5,NA,NA,NA,NA,NA,NA,NA,NA,NA,NA,NA,NA,5808.5,NA,NA,NA,NA,NA,NA,NA,NA,NA,NA,NA,NA,NA,NA,NA,NA,NA,NA,NA,NA,NA,NA,NA,NA,NA,NA,NA,NA,NA,NA,NA,NA,NA,NA,NA,NA,NA,NA,NA,NA,NA,NA,NA,NA,NA,NA,NA,NA,NA,NA,NA,NA,NA,NA,208.5,3.59,3.59,NA,NA,NA,NA,NA,NA,NA,NA,NA,NA
"R3B: Buffalo Truck Station - 1137 TH 25 SE Buffalo, MN 55313",NA,NA,"na, na","n/a, n/a",Aggregated Remaining Facilities,11868,F,METC,NA,NA,NA,NA,NA,NA,NA,NA,NA,NA,NA,NA,NA,NA,NA,NA,Republic Services,NA,Actual weight,7680,NA,NA,NA,NA,NA,NA,NA,NA,NA,NA,NA,NA,NA,NA,NA,NA,7680,NA,NA,NA,NA,NA,NA,NA,NA,NA,NA,NA,NA,NA,NA,NA,NA,NA,NA,NA,NA,NA,NA,NA,NA,NA,NA,NA,NA,NA,NA,NA,NA,NA,NA,NA,NA,NA,NA,NA,NA,NA,NA,NA,NA,NA,NA,NA,NA,NA,NA,NA,NA,NA,NA,NA,NA,NA,NA,NA,NA,NA,NA,NA,NA,NA,NA,NA
"R3B: Cambridge Truck Station - 1620 Kennedy Street N Cambridge, MN 55008",NA,NA,"na, na","n/a, n/a",Aggregated Remaining Facilities,11869,F,METC,NA,NA,NA,NA,NA,NA,NA,NA,NA,NA,NA,NA,NA,NA,NA,NA,Waste Management,NA,Actual weight,3700,NA,NA,NA,NA,NA,NA,NA,NA,NA,NA,NA,NA,NA,NA,NA,NA,3700,NA,NA,NA,NA,NA,NA,NA,NA,NA,NA,NA,NA,NA,NA,NA,NA,NA,NA,NA,NA,NA,NA,NA,NA,NA,NA,NA,NA,NA,NA,NA,NA,NA,NA,NA,NA,NA,NA,NA,NA,NA,NA,NA,NA,NA,NA,NA,NA,NA,NA,NA,NA,NA,NA,NA,NA,NA,NA,NA,NA,NA,NA,NA,NA,NA,NA,NA
"R3B: Elk River Truck Station - 18938 Dodge Avenue NW Elk River, MN 55330",NA,NA,"na, na","n/a, n/a",Aggregated Remaining Facilities,11870,F,METC,NA,NA,NA,NA,NA,NA,NA,NA,NA,NA,NA,NA,NA,NA,NA,NA,Waste Management,NA,Actual weight,4700,NA,NA,NA,NA,NA,NA,NA,NA,NA,NA,NA,NA,NA,NA,NA,NA,4700,NA,NA,NA,NA,NA,NA,NA,NA,NA,NA,NA,NA,NA,NA,NA,NA,NA,NA,NA,NA,NA,NA,NA,NA,NA,NA,NA,NA,NA,NA,NA,NA,NA,NA,NA,NA,NA,NA,NA,NA,NA,NA,NA,NA,NA,NA,NA,NA,NA,NA,NA,NA,NA,NA,NA,NA,NA,NA,NA,NA,NA,NA,NA,NA,NA,NA,NA
"D3B: Enfield Rest Area - 898 135th St. NW, Monticello, MN  55362",NA,NA,"na, na","n/a, n/a",Aggregated Remaining Facilities,11873,F,METC,NA,NA,NA,NA,NA,NA,NA,NA,NA,NA,NA,NA,NA,NA,NA,NA,Republic Service,NA,Actual weight,2800,Republic Service,NA,Actual weight,278,NA,NA,NA,NA,NA,NA,NA,NA,NA,NA,NA,NA,3078,NA,NA,NA,NA,NA,NA,NA,NA,NA,NA,NA,NA,NA,NA,NA,NA,NA,NA,NA,NA,NA,NA,NA,NA,NA,NA,NA,NA,NA,NA,NA,NA,NA,NA,NA,NA,NA,NA,NA,NA,NA,NA,NA,NA,NA,NA,NA,NA,NA,NA,NA,NA,NA,NA,278,9.03,9.03,NA,NA,NA,NA,NA,NA,NA,NA,NA,NA
"D3B: Fuller Lake Rest Area - 2302 I-94, Clearwater, MN  55320",NA,NA,"na, na","n/a, n/a",Aggregated Remaining Facilities,11863,F,METC,NA,NA,NA,NA,NA,NA,NA,NA,NA,NA,NA,NA,NA,NA,NA,NA,Advanced Disposal,NA,Actual weight,2800,Advanced Disposal,NA,Actual weight,278,NA,NA,NA,NA,NA,NA,NA,NA,NA,NA,NA,NA,3078,NA,NA,NA,NA,NA,NA,NA,NA,NA,NA,NA,NA,NA,NA,NA,NA,NA,NA,NA,NA,NA,NA,NA,NA,NA,NA,NA,NA,NA,NA,NA,NA,NA,NA,NA,NA,NA,NA,NA,NA,NA,NA,NA,NA,NA,NA,NA,NA,NA,NA,NA,NA,NA,NA,278,9.03,9.03,NA,NA,NA,NA,NA,NA,NA,NA,NA,NA
"D3B: Isle Truck Station - 1100 State Hwy 47, Isle, MN  56342",NA,NA,"na, na","n/a, n/a",Aggregated Remaining Facilities,11848,F,METC,NA,NA,NA,NA,NA,NA,NA,NA,NA,NA,NA,NA,NA,NA,NA,NA,"Jim's Mille Lacs Disposal, Inc.",NA,Actual weight,350,NA,NA,NA,NA,NA,NA,NA,NA,NA,NA,NA,NA,NA,NA,NA,NA,350,NA,NA,NA,NA,NA,NA,NA,NA,NA,NA,NA,NA,NA,NA,NA,NA,NA,NA,NA,NA,NA,NA,NA,NA,NA,NA,NA,NA,NA,NA,NA,NA,NA,NA,NA,NA,NA,NA,NA,NA,NA,NA,NA,NA,NA,NA,NA,NA,NA,NA,NA,NA,NA,NA,NA,NA,NA,NA,NA,NA,NA,NA,NA,NA,NA,NA,NA
"R3B: Milaca Truck Station - 605 8th Street NE Milaca, MN 56353",NA,NA,"na, na","n/a, n/a",Aggregated Remaining Facilities,11872,F,METC,NA,NA,NA,NA,NA,NA,NA,NA,NA,NA,NA,NA,NA,NA,NA,NA,"Jim's Mille Lacs Disposal, Inc.",NA,Actual weight,1400,NA,NA,NA,NA,NA,NA,NA,NA,NA,NA,NA,NA,NA,NA,NA,NA,1400,NA,NA,NA,NA,NA,NA,NA,NA,NA,NA,NA,NA,NA,NA,NA,NA,NA,NA,NA,NA,NA,NA,NA,NA,NA,NA,NA,NA,NA,NA,NA,NA,NA,NA,NA,NA,NA,NA,NA,NA,NA,NA,NA,NA,NA,NA,NA,NA,NA,NA,NA,NA,NA,NA,NA,NA,NA,NA,NA,NA,NA,NA,NA,NA,NA,NA,NA
"R3B: Monticello Truck Station - 112 Chelsea Road Monticello, MN 55362",NA,NA,"na, na","n/a, n/a",Aggregated Remaining Facilities,11873,F,METC,NA,NA,NA,NA,NA,NA,NA,NA,NA,NA,NA,NA,NA,NA,NA,NA,Waste Management,NA,Actual weight,6000,NA,NA,NA,NA,NA,NA,NA,NA,NA,NA,NA,NA,NA,NA,NA,NA,6000,NA,NA,NA,NA,NA,NA,NA,NA,NA,NA,NA,NA,NA,NA,NA,NA,NA,NA,NA,NA,NA,NA,NA,NA,NA,NA,NA,NA,NA,NA,NA,NA,NA,NA,NA,NA,NA,NA,NA,NA,NA,NA,NA,NA,NA,NA,NA,NA,NA,NA,NA,NA,NA,NA,NA,NA,NA,NA,NA,NA,NA,NA,NA,NA,NA,NA,NA
"R3B: Mora Truck Station - 807 Howe Street Mora, MN 55051",NA,NA,"na, na","n/a, n/a",Aggregated Remaining Facilities,11874,F,METC,NA,NA,NA,NA,NA,NA,NA,NA,NA,NA,NA,NA,NA,NA,NA,NA,Waste Management,NA,Actual weight,2100,Waste Management,NA,Actual weight,139,NA,NA,NA,NA,NA,NA,NA,NA,NA,NA,NA,NA,2239,NA,NA,NA,NA,NA,NA,NA,NA,NA,NA,NA,NA,NA,NA,NA,NA,NA,NA,NA,NA,NA,NA,NA,NA,NA,NA,NA,NA,NA,NA,NA,NA,NA,NA,NA,NA,NA,NA,NA,NA,NA,NA,NA,NA,NA,NA,NA,NA,NA,NA,NA,NA,NA,NA,139,6.21,6.21,NA,NA,NA,NA,NA,NA,NA,NA,NA,NA
"R3B: Paynesville Truck Station - 223 Industrial Loop W Paynesville, MN 56362",NA,NA,"na, na","n/a, n/a",Aggregated Remaining Facilities,11875,F,METC,NA,NA,NA,NA,NA,NA,NA,NA,NA,NA,NA,NA,NA,NA,NA,NA,Advanced Disposal,NA,Actual weight,1400,NA,NA,NA,NA,NA,NA,NA,NA,NA,NA,NA,NA,NA,NA,NA,NA,1400,NA,NA,NA,NA,NA,NA,NA,NA,NA,NA,NA,NA,NA,NA,NA,NA,NA,NA,NA,NA,NA,NA,NA,NA,NA,NA,NA,NA,NA,NA,NA,NA,NA,NA,NA,NA,NA,NA,NA,NA,NA,NA,NA,NA,NA,NA,NA,NA,NA,NA,NA,NA,NA,NA,NA,NA,NA,NA,NA,NA,NA,NA,NA,NA,NA,NA,NA
"D3B: Rum River Rest Area - 26001 US Hwy 169, Onamia, MN  56359",NA,NA,"na, na","n/a, n/a",Aggregated Remaining Facilities,11865,F,METC,NA,NA,NA,NA,NA,NA,NA,NA,NA,NA,NA,NA,NA,NA,NA,NA,"Jim's Mille Lacs Disposal, Inc.",NA,Actual weight,11200,NA,NA,NA,NA,NA,NA,NA,NA,NA,NA,NA,NA,NA,NA,NA,NA,11200,NA,NA,NA,NA,NA,NA,NA,NA,NA,NA,NA,NA,NA,NA,NA,NA,NA,NA,NA,NA,NA,NA,NA,NA,NA,NA,NA,NA,NA,NA,NA,NA,NA,NA,NA,NA,NA,NA,NA,NA,NA,NA,NA,NA,NA,NA,NA,NA,NA,NA,NA,NA,NA,NA,NA,NA,NA,NA,NA,NA,NA,NA,NA,NA,NA,NA,NA
"R3B: Sauk Centre Truck Station - 1218 Beltline Road Sauk Centre, MN 56378",NA,NA,"na, na","n/a, n/a",Aggregated Remaining Facilities,11876,F,METC,NA,NA,NA,NA,NA,NA,NA,NA,NA,NA,NA,NA,NA,NA,NA,NA,Waste Management,NA,Actual weight,2100,NA,NA,NA,NA,NA,NA,NA,NA,NA,NA,NA,NA,NA,NA,NA,NA,2100,NA,NA,NA,NA,NA,NA,NA,NA,NA,NA,NA,NA,NA,NA,NA,NA,NA,NA,NA,NA,NA,NA,NA,NA,NA,NA,NA,NA,NA,NA,NA,NA,NA,NA,NA,NA,NA,NA,NA,NA,NA,NA,NA,NA,NA,NA,NA,NA,NA,NA,NA,NA,NA,NA,NA,NA,NA,NA,NA,NA,NA,NA,NA,NA,NA,NA,NA
"R3B: St. Cloud Maintenance Headquarters - 3725 12th Street N St. Cloud, MN 56301",NA,NA,"na, na","n/a, n/a",Aggregated Remaining Facilities,11857,F,METC,NA,NA,NA,NA,NA,NA,NA,NA,NA,NA,NA,NA,NA,NA,NA,NA,Waste Management,NA,Actual weight,0,Waste Management,NA,Actual weight,1876.5,NA,NA,NA,NA,NA,NA,NA,NA,NA,NA,NA,NA,1876.5,NA,NA,NA,NA,NA,NA,NA,NA,NA,NA,NA,NA,NA,NA,NA,NA,NA,NA,NA,NA,NA,NA,NA,NA,NA,NA,NA,NA,NA,NA,NA,NA,NA,NA,NA,NA,NA,NA,NA,NA,NA,NA,NA,NA,NA,NA,NA,NA,NA,NA,NA,NA,NA,NA,1876.5,100,100,NA,NA,NA,NA,NA,NA,NA,NA,NA,NA
"D3B: St. Cloud Rest Area (TIC) - 2651 US Hwy 10 SE, St. Cloud, MN  56304",NA,NA,"na, na","n/a, n/a",Aggregated Remaining Facilities,11866,F,METC,NA,NA,NA,NA,NA,NA,NA,NA,NA,NA,NA,NA,NA,NA,NA,NA,Waste Management,NA,Actual weight,2100,NA,NA,NA,NA,NA,NA,NA,NA,NA,NA,NA,NA,NA,NA,NA,NA,2100,NA,NA,NA,NA,NA,NA,NA,NA,NA,NA,NA,NA,NA,NA,NA,NA,NA,NA,NA,NA,NA,NA,NA,NA,NA,NA,NA,NA,NA,NA,NA,NA,NA,NA,NA,NA,NA,NA,NA,NA,NA,NA,NA,NA,NA,NA,NA,NA,NA,NA,NA,NA,NA,NA,NA,NA,NA,NA,NA,NA,NA,NA,NA,NA,NA,NA,NA
D6: Cannon Falls Truck Station - 31664 County Road 24,NA,NA,"na, na","n/a, n/a",Aggregated Remaining Facilities,,F,METC,NA,NA,NA,NA,NA,NA,NA,NA,No,NA,No,NA,NA,NA,NA,NA,Waste manangement,NA,Weight converted from volume,4550,NA,NA,NA,NA,NA,NA,NA,NA,NA,NA,NA,NA,NA,NA,NA,NA,4550,NA,NA,NA,NA,NA,NA,loes,Weight converted from volume,1750,NA,NA,NA,NA,NA,NA,NA,NA,NA,NA,NA,NA,NA,NA,NA,NA,NA,NA,i-35,NA,NA,NA,NA,NA,NA,NA,NA,NA,NA,NA,NA,NA,NA,NA,NA,NA,NA,NA,NA,NA,NA,NA,NA,1750,NA,NA,NA,27.78,NA,NA,NA,Yes,NA,NA,NA,NA,NA,"Refillable water stations (plumbed in)
 Default to double-sided (duplex) printing
Partner with State Surplus for redistributing unneeded supplies"
"R6A: Caledonia Truck Station - 174 Bissen Street N Caledonia, MN 55921",NA,NA,"na, na","n/a, n/a",Aggregated Remaining Facilities,,F,METC,NA,NA,NA,NA,NA,NA,NA,NA,No,NA,No,NA,NA,NA,NA,NA,waste manangement,NA,Actual weight,2208,NA,NA,NA,NA,NA,NA,NA,NA,NA,NA,NA,NA,NA,NA,NA,NA,2208,NA,NA,NA,NA,NA,NA,loes,NA,NA,NA,NA,NA,NA,NA,NA,NA,NA,NA,NA,NA,NA,NA,NA,NA,NA,NA,NA,NA,NA,NA,NA,NA,NA,NA,NA,NA,NA,NA,NA,NA,NA,NA,NA,NA,NA,NA,NA,NA,NA,NA,NA,NA,NA,NA,NA,NA,NA,NA,NA,NA,Yes,NA,NA,NA,NA,NA,Partner with State Surplus for redistributing unneeded supplies
"R6A: Dresbach Truck Station - 201 Riverview Drive Dresbach, MN 55947",NA,NA,"na, na","n/a, n/a",Aggregated Remaining Facilities,,F,METC,NA,NA,NA,NA,NA,NA,NA,NA,No,NA,No,NA,NA,NA,NA,NA,Waste manangement,NA,NA,2208,NA,NA,NA,NA,NA,NA,NA,NA,NA,NA,NA,NA,NA,NA,NA,NA,2208,NA,NA,NA,NA,NA,NA,NA,NA,NA,NA,NA,NA,NA,NA,NA,NA,NA,NA,NA,NA,NA,NA,NA,NA,NA,NA,NA,Timms auto salvage,NA,NA,NA,NA,NA,NA,NA,NA,NA,NA,NA,NA,NA,NA,NA,Weight converted from volume,17.5,NA,NA,NA,NA,NA,NA,NA,17.5,NA,NA,NA,0.79,NA,NA,NA,Yes,NA,NA,NA,NA,NA,Partner with State Surplus for redistributing unneeded supplies
"R6A: Preston Truck Station - TH 52 and TH 16 South Preston, MN 55965",NA,NA,"na, na","n/a, n/a",Aggregated Remaining Facilities,,F,METC,NA,NA,NA,NA,NA,NA,NA,NA,No,NA,No,NA,NA,NA,NA,NA,Waste Management,NA,Actual weight,2203,NA,NA,NA,NA,NA,NA,NA,NA,NA,NA,NA,NA,NA,NA,NA,NA,2203,NA,NA,NA,NA,NA,NA,NA,NA,NA,NA,NA,NA,NA,NA,NA,NA,NA,NA,NA,NA,NA,NA,NA,NA,NA,NA,NA,NA,NA,NA,NA,NA,NA,NA,NA,NA,NA,NA,NA,NA,NA,NA,NA,NA,NA,NA,NA,NA,NA,NA,NA,NA,NA,NA,NA,NA,NA,NA,NA,NA,Yes,NA,NA,NA,NA,NA,Partner with State Surplus for redistributing unneeded supplies
"R6A: Rochester District Headquarters - 2900 48th Street NW Rochester, MN 55903",NA,NA,"na, na","n/a, n/a",Aggregated Remaining Facilities,,F,METC,NA,NA,Department of Transportation,D6A ROCHESTER HQS,NA,NA,NA,NA,No,NA,Yes,NA,JACKIE KLEIN,651-366-3637,NA,jacqueline.klein@state.mn.us,WASTE MGMT,NA,Actual weight,26499,WASTE MGMT,NA,Actual weight,11431,NA,NA,NA,NA,NA,NA,NA,NA,NA,NA,NA,NA,37930,NA,NA,NA,NA,NA,NA,loes,Weight converted from volume,1260,NA,NA,NA,scharf auto,Weight converted from volume,809,NA,NA,NA,NA,NA,NA,NA,NA,NA,NA,NA,NA,timms auto salvage,Actual weight,23441,NA,NA,NA,NA,NA,NA,NA,NA,NA,NA,NA,NA,NA,Weight converted from volume,136.5,first state tire recycling,Weight converted from volume,NA,NA,NA,NA,NA,25646.5,NA,11431,30.14,58.32,NA,NA,NA,Yes,NA,we are recycling as much as we can,Yes,NA,we are trying but need to review this policy,"Office supply reuse center
Refillable water stations (plumbed in)
 Default to double-sided (duplex) printing
Utilizing electronic HR and IT processes as a standard
Partner with State Surplus for redistributing unneeded supplies"
"R6A: Rushford Truck Station - Rush Creek Business Park Rushford, MN 55971",NA,NA,"na, na","n/a, n/a",Aggregated Remaining Facilities,,F,METC,NA,NA,NA,NA,NA,NA,NA,NA,No,NA,No,NA,NA,NA,NA,NA,Waste Management,NA,Actual weight,2208,NA,NA,NA,NA,NA,NA,NA,NA,NA,NA,NA,NA,NA,NA,NA,NA,2208,NA,NA,NA,NA,NA,NA,NA,NA,NA,NA,NA,NA,NA,NA,NA,NA,NA,NA,NA,NA,NA,NA,NA,NA,NA,NA,NA,NA,NA,NA,NA,NA,NA,NA,NA,NA,NA,NA,NA,NA,NA,NA,NA,NA,NA,NA,NA,NA,NA,NA,NA,NA,NA,NA,NA,NA,NA,NA,NA,NA,Yes,NA,NA,NA,NA,NA,Partner with State Surplus for redistributing unneeded supplies
"R6A: St. Charles Truck Station - I-90 and TH74 St. Charles, MN 55972",NA,NA,"na, na","n/a, n/a",Aggregated Remaining Facilities,,F,METC,NA,NA,NA,NA,NA,NA,NA,NA,No,NA,No,NA,NA,NA,NA,NA,Waste Management,NA,Actual weight,6625,NA,NA,NA,NA,NA,NA,NA,NA,NA,NA,NA,NA,NA,NA,NA,NA,6625,NA,NA,NA,NA,NA,NA,loes,NA,NA,NA,NA,NA,NA,NA,NA,NA,NA,NA,NA,NA,NA,NA,NA,NA,NA,NA,NA,timms auto salvage,NA,NA,NA,NA,NA,NA,NA,NA,NA,NA,NA,NA,NA,NA,NA,NA,NA,NA,NA,NA,NA,NA,NA,NA,NA,NA,NA,NA,NA,NA,NA,NA,Yes,NA,NA,NA,NA,NA,Partner with State Surplus for redistributing unneeded supplies
"R6A: Stewartville Truck Station - 401 10th St NW Stewartville, MN 55976",NA,NA,"na, na","n/a, n/a",Aggregated Remaining Facilities,,F,METC,NA,NA,NA,NA,NA,NA,NA,NA,No,NA,No,NA,NA,NA,NA,NA,Waste Management,NA,Actual weight,4416,NA,NA,NA,NA,NA,NA,NA,NA,NA,NA,NA,NA,NA,NA,NA,NA,4416,NA,NA,NA,NA,NA,NA,loes,NA,NA,NA,NA,NA,NA,NA,NA,NA,NA,NA,NA,NA,NA,NA,NA,NA,NA,NA,NA,Timms auto salvage,Actual weight,NA,NA,NA,NA,NA,NA,NA,NA,NA,NA,NA,NA,NA,NA,NA,NA,NA,NA,NA,NA,NA,NA,NA,NA,NA,NA,NA,NA,NA,NA,NA,Yes,NA,NA,NA,NA,NA,Partner with State Surplus for redistributing unneeded supplies
"R6A: Wabasha Truck Station - 423 Hiawatha Drive NW Wabasha, MN 55981",NA,NA,"na, na","n/a, n/a",Aggregated Remaining Facilities,,F,METC,NA,NA,NA,NA,NA,NA,NA,NA,No,NA,No,NA,NA,NA,NA,NA,Waste management,NA,Actual weight,2208,NA,NA,NA,NA,NA,NA,NA,NA,NA,NA,NA,NA,NA,NA,NA,NA,2208,NA,NA,NA,NA,NA,NA,loes,NA,NA,NA,NA,NA,NA,NA,NA,NA,NA,NA,NA,NA,NA,NA,NA,NA,NA,NA,NA,NA,NA,NA,NA,NA,NA,NA,NA,NA,NA,NA,NA,NA,NA,NA,NA,NA,NA,NA,NA,NA,NA,NA,NA,NA,NA,NA,NA,NA,NA,NA,NA,NA,Yes,NA,NA,NA,NA,NA,Partner with State Surplus for redistributing unneeded supplies
"R6A: Winona Truck Station - 5420 Hwy 61 W Goodview, MN 55987",NA,NA,"na, na","n/a, n/a",Aggregated Remaining Facilities,,F,METC,NA,NA,NA,NA,NA,NA,NA,NA,No,NA,No,NA,NA,NA,NA,NA,Waste Management,NA,NA,6625,NA,NA,NA,NA,NA,NA,NA,NA,NA,NA,NA,NA,NA,NA,NA,NA,6625,NA,NA,NA,NA,NA,NA,loes,NA,NA,NA,NA,NA,NA,NA,NA,NA,NA,NA,NA,NA,NA,NA,NA,NA,NA,NA,NA,Timms auto salvage,Actual weight,NA,NA,NA,NA,NA,NA,NA,NA,NA,NA,NA,NA,NA,NA,NA,NA,NA,NA,NA,NA,NA,NA,NA,NA,NA,NA,NA,NA,NA,NA,NA,Yes,NA,NA,NA,NA,NA,Partner with State Surplus for redistributing unneeded supplies
"R6B: Albert Lea Truck Station - 22231 770th Avenue Albert Lea, MN 56007",NA,NA,"na, na","n/a, n/a",Aggregated Remaining Facilities,,F,METC,NA,NA,NA,NA,NA,NA,NA,NA,No,NA,No,NA,NA,NA,NA,NA,Waste Management,NA,NA,4550,NA,NA,NA,NA,NA,NA,NA,NA,NA,NA,NA,NA,NA,NA,NA,NA,4550,NA,NA,NA,NA,NA,NA,loes,NA,NA,NA,NA,NA,NA,NA,NA,NA,NA,NA,NA,NA,NA,NA,NA,NA,NA,NA,NA,I-35 auto salvage,NA,NA,NA,NA,NA,NA,NA,NA,NA,NA,NA,NA,NA,NA,NA,NA,NA,NA,NA,NA,NA,NA,NA,NA,NA,NA,NA,NA,NA,NA,NA,NA,Yes,NA,NA,NA,NA,NA,Partner with State Surplus for redistributing unneeded supplies
"R6B: Austin Truck Station - 1500 11th Drive NE Austin, MN 55912",NA,NA,"na, na","n/a, n/a",Aggregated Remaining Facilities,,F,METC,NA,NA,NA,NA,NA,NA,NA,NA,No,NA,No,NA,NA,NA,NA,NA,Waste Management,NA,Weight converted from volume,9100,NA,NA,NA,NA,NA,NA,NA,NA,NA,NA,NA,NA,NA,NA,NA,NA,9100,NA,NA,NA,NA,NA,NA,loes,NA,NA,NA,NA,NA,NA,NA,NA,NA,NA,NA,NA,NA,NA,NA,NA,NA,NA,NA,NA,I-35 auto salvage,NA,NA,NA,NA,NA,NA,NA,NA,NA,NA,NA,NA,NA,NA,NA,Weight converted from volume,3.5,NA,NA,NA,NA,NA,NA,NA,3.5,NA,NA,NA,0.04,NA,NA,NA,Yes,NA,NA,NA,NA,NA,Partner with State Surplus for redistributing unneeded supplies
"R6B: Dodge Center Truck Station - 201 Airport Road Dodge Center, MN 55927",NA,NA,"na, na","n/a, n/a",Aggregated Remaining Facilities,,F,METC,NA,NA,NA,NA,NA,NA,NA,NA,No,NA,No,NA,NA,NA,NA,NA,Waste Management,NA,Weight converted from volume,9100,NA,NA,NA,NA,NA,NA,NA,NA,NA,NA,NA,NA,NA,NA,NA,NA,9100,NA,NA,NA,NA,NA,NA,NA,NA,NA,NA,NA,NA,NA,NA,NA,NA,NA,NA,NA,NA,NA,NA,NA,NA,NA,NA,NA,NA,NA,NA,NA,NA,NA,NA,NA,NA,NA,NA,NA,NA,NA,NA,NA,NA,NA,NA,NA,NA,NA,NA,NA,NA,NA,NA,NA,NA,NA,NA,NA,NA,Yes,NA,NA,NA,NA,NA,Partner with State Surplus for redistributing unneeded supplies
"R6B: Faribault Truck Station - 555 NW 14th Street Faribault, MN 55021",NA,NA,"na, na","n/a, n/a",Aggregated Remaining Facilities,,F,METC,NA,NA,NA,NA,NA,NA,NA,NA,No,NA,No,NA,NA,NA,NA,NA,Waste management,NA,Weight converted from volume,9100,NA,NA,NA,NA,NA,NA,NA,NA,NA,NA,NA,NA,NA,NA,NA,NA,9100,NA,NA,NA,NA,NA,NA,loes,NA,NA,NA,NA,NA,NA,NA,NA,NA,NA,NA,NA,NA,NA,NA,NA,NA,NA,NA,NA,NA,NA,NA,NA,NA,NA,NA,NA,NA,NA,NA,NA,NA,NA,NA,NA,NA,NA,NA,NA,NA,NA,NA,NA,NA,NA,NA,NA,NA,NA,NA,NA,NA,Yes,NA,NA,NA,NA,NA,Partner with State Surplus for redistributing unneeded supplies
"D6B: NORTHFIELD TRUCK STATION 510 WEST WOODLEY STREET, NORTHFIELD MN 55057",NA,NA,"na, na","n/a, n/a",Aggregated Remaining Facilities,,F,METC,NA,NA,NA,NA,NA,NA,NA,NA,No,NA,No,NA,NA,NA,NA,NA,Waste Management,NA,Weight converted from volume,2016,NA,NA,NA,NA,NA,NA,NA,NA,NA,NA,NA,NA,NA,NA,NA,NA,2016,NA,NA,NA,NA,NA,NA,NA,NA,NA,NA,NA,NA,NA,NA,NA,NA,NA,NA,NA,NA,NA,NA,NA,NA,NA,NA,NA,NA,NA,NA,NA,NA,NA,NA,NA,NA,NA,NA,NA,NA,NA,NA,NA,NA,NA,NA,NA,NA,NA,NA,NA,NA,NA,NA,NA,NA,NA,NA,NA,NA,Yes,NA,NA,NA,NA,NA,Partner with State Surplus for redistributing unneeded supplies
"R6B: Owatonna Headquarters - 1010 21st Avenue NW Owatonna, MN 55060",NA,NA,"na, na","n/a, n/a",Aggregated Remaining Facilities,,F,METC,NA,NA,NA,NA,NA,NA,NA,NA,No,NA,Yes,NA,NA,NA,NA,NA,Waste Management,NA,Weight converted from volume,18200,Waste Management,NA,Weight converted from volume,3626.22,NA,NA,NA,NA,NA,NA,NA,NA,NA,NA,NA,NA,21826.22,I-35 auto salvage,NA,NA,NA,NA,NA,LOES,NA,NA,NA,NA,NA,NA,Weight converted from volume,399,NA,NA,NA,NA,NA,NA,NA,NA,NA,NA,NA,NA,I-35 AUTO SALVAGE,Actual weight,39660,NA,NA,NA,NA,NA,NA,NA,NA,NA,NA,Weight converted from volume,31.5,NA,NA,NA,first state tire recycling,NA,NA,NA,NA,NA,NA,40090.5,NA,3626.22,16.61,70.61,NA,NA,NA,Yes,NA,NA,NA,NA,NA,"Refillable water stations (plumbed in)
Partner with State Surplus for redistributing unneeded supplies"
"R6B: Red Wing Truck Station - 3890 Pepin Avenue Red Wing, MN 55506",NA,NA,"na, na","n/a, n/a",Aggregated Remaining Facilities,,F,METC,NA,NA,NA,NA,NA,NA,NA,NA,No,NA,No,NA,NA,NA,NA,NA,Waste management,NA,Weight converted from volume,27300,NA,NA,NA,NA,NA,NA,NA,NA,NA,NA,NA,NA,NA,NA,NA,NA,27300,NA,NA,NA,NA,NA,NA,loes,NA,NA,NA,NA,NA,NA,NA,NA,NA,NA,NA,NA,NA,NA,NA,NA,NA,NA,NA,NA,Timms auto salvage,Actual weight,14420,NA,NA,NA,NA,NA,NA,NA,NA,NA,NA,NA,NA,NA,NA,NA,NA,NA,NA,NA,NA,NA,NA,14420,NA,NA,NA,34.56,NA,NA,NA,Yes,NA,NA,NA,NA,NA,Partner with State Surplus for redistributing unneeded supplies
"R6B: Zumbrota Truck Station - 940 W 8th Street Zumbrota, MN 55992",NA,NA,"na, na","n/a, n/a",Aggregated Remaining Facilities,,F,METC,NA,NA,NA,NA,NA,NA,NA,NA,No,NA,No,NA,NA,NA,NA,NA,Waste Management,NA,Weight converted from volume,9100,NA,NA,NA,NA,NA,NA,NA,NA,NA,NA,NA,NA,NA,NA,NA,NA,9100,NA,NA,NA,NA,NA,NA,NA,NA,NA,NA,NA,NA,NA,NA,NA,NA,NA,NA,NA,NA,NA,NA,NA,NA,NA,NA,NA,Timms auto salvage,Actual weight,6720,NA,NA,NA,NA,NA,NA,NA,NA,NA,NA,NA,NA,NA,NA,NA,NA,NA,NA,NA,NA,NA,NA,6720,NA,NA,NA,42.48,NA,NA,NA,Yes,NA,NA,NA,NA,NA,Partner with State Surplus for redistributing unneeded supplies
"Metro: Camden Truck Station - 3636 Washington Avenue North Minneapolis, MN 55412",NA,NA,"na, na","n/a, n/a",Aggregated Remaining Facilities,,F,METC,NA,NA,NA,NA,NA,NA,NA,27,No,NA,No,0,Maureen Widmer,651-234-7735,651-234-7459,maureen.widmer@state.mn.us,Republic Services,NA,Actual weight,104400,Republic Services,NA,Actual weight,48000,NA,NA,NA,NA,NA,NA,NA,NA,NA,NA,NA,NA,152400,NA,NA,NA,NA,NA,NA,NA,NA,NA,NA,NA,NA,NA,NA,NA,NA,NA,NA,NA,NA,NA,NA,NA,NA,NA,NA,NA,NA,NA,NA,NA,NA,NA,NA,NA,NA,NA,NA,NA,NA,NA,NA,NA,NA,NA,NA,NA,NA,NA,NA,NA,NA,NA,NA,48000,31.5,31.5,5644.44,5644.44,5644.44,Yes,NA,NA,Yes,NA,NA,Default to double-sided (duplex) printing
"Metro: Cedar Avenue Truck Station - 1900 East 66th Street Richfield, MN 55423",NA,NA,"na, na","n/a, n/a",Aggregated Remaining Facilities,,F,METC,NA,NA,NA,NA,NA,NA,NA,42,No,NA,No,NA,Maureen Widmer,651-234-7735,651-234-7459,maureen.widmer@state.mn.us,Waste Management,NA,Actual weight,129420,Waste Management,NA,Actual weight,48000,NA,NA,NA,NA,NA,NA,NA,NA,NA,NA,NA,NA,177420,NA,NA,NA,NA,NA,NA,NA,NA,NA,NA,NA,NA,NA,NA,NA,NA,NA,NA,NA,NA,NA,NA,NA,NA,NA,NA,NA,NA,NA,NA,NA,NA,NA,NA,NA,NA,NA,NA,NA,NA,NA,NA,NA,NA,NA,NA,NA,NA,NA,NA,NA,NA,NA,NA,48000,27.05,27.05,4224.29,4224.29,4224.29,Yes,NA,NA,Yes,NA,NA,Default to double-sided (duplex) printing
"Metro: Chaska Truck Station - 4725 Chaska Blvd Chaska, MN 55318",NA,NA,"na, na","n/a, n/a",Aggregated Remaining Facilities,,F,METC,NA,NA,NA,NA,NA,NA,NA,18,No,NA,No,0,Maureen Widmer,651-234-7735,651-234-7459,maureen.widmer@state.mn.us,Republic Services,NA,Actual weight,61980,Republic Services,NA,Actual weight,48000,NA,NA,NA,NA,NA,NA,NA,NA,NA,NA,NA,NA,109980,NA,NA,NA,NA,NA,NA,NA,NA,NA,NA,NA,NA,NA,NA,NA,NA,NA,NA,NA,NA,NA,NA,NA,NA,NA,NA,NA,NA,NA,NA,NA,NA,NA,NA,NA,NA,NA,NA,NA,NA,NA,NA,NA,NA,NA,NA,NA,NA,NA,NA,NA,NA,NA,NA,48000,43.64,43.64,6110,6110,6110,Yes,NA,NA,Yes,NA,NA,Default to double-sided (duplex) printing
"Metro: Eden Prairie Truck Station - 7333 Bryant Lake Drive Eden Prairie, MN 55343",NA,NA,"na, na","n/a, n/a",Aggregated Remaining Facilities,,F,METC,NA,NA,NA,NA,NA,NA,NA,24,No,NA,No,NA,Maureen Widmer,651-234-7735,651-234-7459,maureen.widmer@state.mn.us,Republic Services,NA,Actual weight,60340,Republic Services,NA,Actual weight,48000,NA,NA,NA,NA,NA,NA,NA,NA,NA,NA,NA,NA,108340,NA,NA,NA,NA,NA,NA,NA,NA,NA,NA,NA,NA,NA,NA,NA,NA,NA,NA,NA,NA,NA,NA,NA,NA,NA,NA,NA,NA,NA,NA,NA,NA,NA,NA,NA,NA,NA,NA,NA,NA,NA,NA,NA,NA,NA,NA,NA,NA,NA,NA,NA,NA,NA,NA,48000,44.3,44.3,4514.17,4514.17,4514.17,Yes,NA,NA,Yes,NA,NA,Default to double-sided (duplex) printing
"Metro: Forest Lake Truck Station - 22010 Everton Avenue North Forest Lake, MN 55025",NA,NA,"na, na","n/a, n/a",Aggregated Remaining Facilities,,F,METC,NA,NA,NA,NA,NA,NA,NA,24,No,NA,No,NA,Maureen Widmer,651-234-7735,651-234-7459,maureen.widmer@state.mn.us,Republic Services,NA,Actual weight,47760,Republic Services,NA,Actual weight,96000,NA,NA,NA,NA,NA,NA,NA,NA,NA,NA,NA,NA,143760,NA,NA,NA,NA,NA,NA,NA,Actual weight,13538,NA,NA,NA,NA,NA,NA,NA,NA,NA,NA,NA,NA,NA,NA,NA,NA,NA,NA,NA,Actual weight,2.5,NA,NA,NA,NA,NA,NA,NA,NA,NA,NA,NA,NA,NA,NA,NA,NA,NA,NA,NA,NA,NA,NA,13540.5,NA,96000,66.78,69.64,6554.19,6554.19,6554.19,Yes,NA,NA,Yes,NA,NA,Default to double-sided (duplex) printing
"Metro: Golden Valley Headquarters - 2055 North Lilac Drive Golden Valley, MN 55422",NA,NA,"na, na","n/a, n/a",Aggregated Remaining Facilities,,F,METC,NA,NA,NA,NA,NA,NA,NA,178,No,NA,No,NA,Maureen Widmer,651-234-7735,651-234-7459,maureen.widmer@state.mn.us,Waste Management,NA,Actual weight,97720,Waste Management,NA,Actual weight,40000,NA,NA,NA,NA,NA,NA,NA,NA,NA,NA,NA,NA,137720,NA,NA,NA,NA,NA,NA,NA,NA,NA,NA,NA,NA,NA,NA,NA,NA,NA,NA,NA,NA,NA,NA,Actual weight,883,NA,NA,NA,NA,NA,NA,NA,NA,NA,NA,NA,NA,NA,NA,NA,NA,NA,NA,NA,NA,NA,NA,NA,NA,NA,NA,NA,NA,883,NA,40000,29.04,29.5,778.67,778.67,778.67,Yes,NA,NA,Yes,NA,NA,Default to double-sided (duplex) printing
"Metro: Hastings Truck Station - 951 E 21st Street Hastings, MN 55033",NA,NA,"na, na","n/a, n/a",Aggregated Remaining Facilities,,F,METC,NA,NA,NA,NA,NA,NA,NA,18,No,NA,No,NA,Maureen Widmer,651-234-7735,651-234-7459,maureen.widmer@state.mn.us,Republic Services,NA,Actual weight,45240,Republic Services,NA,Actual weight,48000,NA,NA,NA,NA,NA,NA,NA,NA,NA,NA,NA,NA,93240,NA,NA,NA,NA,NA,NA,NA,NA,NA,NA,NA,NA,NA,NA,NA,NA,NA,NA,NA,NA,NA,NA,NA,NA,NA,NA,NA,NA,NA,NA,NA,NA,NA,NA,NA,NA,NA,NA,NA,NA,NA,NA,NA,NA,NA,NA,NA,NA,NA,NA,NA,NA,NA,NA,48000,51.48,51.48,5180,5180,5180,Yes,NA,NA,Yes,NA,NA,Default to double-sided (duplex) printing
"Metro: Lakeville Truck Station - 16780 Kenrick Avenue Lakeville, MN 55044",NA,NA,"na, na","n/a, n/a",Aggregated Remaining Facilities,,F,METC,NA,NA,NA,NA,NA,NA,NA,23,No,NA,No,NA,Maureen Widmer,651-234-7735,651-234-7459,maureen.widmer@state.mn.us,NA,NA,Actual weight,64820,Waste Management,NA,Actual weight,36000,Waste Management,NA,NA,NA,NA,NA,NA,NA,NA,NA,NA,NA,100820,NA,NA,NA,NA,NA,NA,NA,NA,NA,NA,NA,NA,NA,NA,NA,NA,NA,NA,NA,NA,NA,NA,NA,NA,NA,NA,NA,NA,NA,NA,NA,NA,NA,NA,NA,NA,NA,NA,NA,NA,NA,NA,NA,NA,NA,NA,NA,NA,NA,NA,NA,NA,NA,NA,36000,35.71,35.71,4383.48,4383.48,4383.48,Yes,NA,NA,Yes,NA,NA,Default to double-sided (duplex) printing
"Metro: Maple Grove Truck Station - 9501 Hemlock Lane North Maple Grove, MN 55369",NA,NA,"na, na","n/a, n/a",Aggregated Remaining Facilities,,F,METC,NA,NA,NA,NA,NA,NA,NA,30,No,NA,No,NA,Maureen Widmer,651-234-7735,651-234-7459,maureen.widmer@state.mn.us,Republic Services,NA,Actual weight,106580,Republic Services,NA,Actual weight,44000,NA,NA,NA,NA,NA,NA,NA,NA,NA,NA,NA,NA,150580,NA,NA,NA,NA,NA,NA,NA,Actual weight,31290,NA,NA,NA,NA,Actual weight,7586,NA,NA,NA,NA,NA,NA,NA,NA,NA,NA,NA,NA,NA,NA,NA,NA,NA,NA,NA,NA,NA,NA,NA,NA,NA,NA,NA,NA,NA,NA,NA,Actual weight,91340,NA,Actual weight,85820,3120,219156,NA,44000,29.22,71.17,12324.53,12324.53,12324.53,Yes,NA,NA,Yes,NA,NA,Default to double-sided (duplex) printing
"Metro: Maplewood Metro Fleet Building - 1779 Mcmenemy Maplewood, MN 55117",NA,NA,"na, na","n/a, n/a",Aggregated Remaining Facilities,,F,METC,NA,NA,NA,NA,NA,NA,NA,6,No,NA,No,NA,Maureen Widmer,651-234-7735,651-234-7459,maureen.widmer@state.mn.us,Republic Services,NA,Actual weight,45940,Republic Services,NA,Actual weight,60000,NA,NA,NA,NA,NA,NA,NA,NA,NA,NA,NA,NA,105940,NA,NA,NA,NA,NA,NA,NA,Actual weight,735,NA,NA,NA,NA,NA,NA,NA,NA,NA,NA,NA,NA,NA,NA,NA,NA,NA,NA,NA,NA,NA,NA,NA,NA,NA,NA,NA,NA,NA,NA,NA,NA,NA,NA,NA,NA,NA,NA,NA,NA,NA,NA,NA,735,NA,60000,56.64,56.93,17779.17,17779.17,17779.17,Yes,NA,NA,Yes,NA,NA,Default to double-sided (duplex) printing
"Metro: Mendota Heights Truck Station - 2229 Pilot Knob Road Mendota Heights, MN 55120",NA,NA,"na, na","n/a, n/a",Aggregated Remaining Facilities,,F,METC,NA,NA,NA,NA,NA,NA,NA,50,No,NA,No,NA,Maureen Widmer,651-234-7735,651-234-7459,maureen.widmer@state.mn.us,Republic Services,NA,Actual weight,140940,Republic Services,NA,Actual weight,424000,NA,NA,NA,NA,NA,NA,NA,NA,NA,NA,NA,NA,564940,NA,NA,NA,NA,NA,NA,NA,Actual weight,770,NA,NA,NA,NA,NA,NA,NA,NA,NA,NA,NA,NA,NA,NA,NA,NA,NA,NA,NA,NA,NA,NA,NA,NA,NA,NA,NA,NA,Actual weight,2502.5,NA,NA,NA,NA,NA,NA,NA,NA,NA,NA,NA,NA,NA,3272.5,NA,424000,75.05,75.2,11364.25,11364.25,11364.25,Yes,NA,NA,Yes,NA,NA,Default to double-sided (duplex) printing
"Metro: North Branch Truck Station - 4841 Saint Croix Trail North Branch, MN 55056",NA,NA,"na, na","n/a, n/a",Aggregated Remaining Facilities,,F,METC,NA,NA,NA,NA,NA,NA,NA,14,No,NA,No,NA,Maureen Widmer,651-234-7735,651-234-7459,maureen.widmer@state.mn.us,Waste Management,NA,Actual weight,38940,Waste Management,NA,Actual weight,8000,NA,NA,NA,NA,NA,NA,NA,NA,NA,NA,NA,NA,46940,NA,NA,NA,NA,NA,NA,NA,NA,NA,NA,NA,NA,NA,NA,NA,NA,NA,NA,NA,NA,NA,NA,NA,NA,NA,NA,NA,NA,NA,NA,NA,NA,NA,NA,NA,NA,NA,NA,NA,NA,NA,NA,NA,NA,NA,NA,NA,NA,NA,NA,NA,NA,NA,NA,8000,17.04,17.04,3352.86,3352.86,3352.86,Yes,NA,NA,Yes,NA,NA,Default to double-sided (duplex) printing
"Metro: Oakdale Headquarters - 3485 Hadley Avenue North Oakdale, MN 55128",NA,NA,"na, na","n/a, n/a",Aggregated Remaining Facilities,,F,METC,NA,NA,NA,NA,NA,NA,NA,160,No,NA,No,NA,Maureen Widmer,651-234-7735,651-234-7459,maureen.widmer@state.mn.us,Waste Management,NA,Actual weight,174660,Waste Management,NA,Actual weight,192000,NA,NA,NA,NA,NA,NA,NA,NA,NA,NA,NA,NA,366660,NA,NA,NA,NA,Actual weight,1610,NA,Actual weight,27132,NA,NA,NA,NA,Actual weight,5075,NA,NA,NA,NA,NA,NA,NA,Actual weight,586.5,NA,NA,NA,NA,Actual weight,10077,NA,NA,NA,NA,NA,NA,NA,NA,NA,NA,NA,NA,NA,NA,NA,NA,Actual weight,85060,NA,NA,NA,NA,129540.5,NA,192000,52.36,64.8,3101.25,3101.25,3101.25,Yes,NA,NA,Yes,NA,NA,Default to double-sided (duplex) printing
"Metro: Plymouth Truck Station - 2315 Fernbrook Avenue Plymouth, MN 55441",NA,NA,"na, na","n/a, n/a",Aggregated Remaining Facilities,,F,METC,NA,NA,NA,NA,NA,NA,NA,29,No,NA,No,NA,Maureen Widmer,651-234-7735,651-234-7459,maureen.widmer@state.mn.us,Republic Services,NA,Actual weight,81440,Republic Services,NA,Actual weight,48000,NA,NA,NA,NA,NA,NA,NA,NA,NA,NA,NA,NA,129440,NA,NA,NA,NA,NA,NA,NA,NA,NA,NA,NA,NA,NA,NA,NA,NA,NA,NA,NA,NA,NA,NA,NA,NA,NA,NA,NA,NA,NA,NA,NA,NA,NA,NA,NA,NA,NA,NA,NA,NA,NA,NA,NA,NA,NA,NA,NA,NA,NA,NA,NA,NA,NA,NA,48000,37.08,37.08,4463.45,4463.45,4463.45,Yes,NA,NA,Yes,NA,NA,Default to double-sided (duplex) printing
"Metro: Roseville Waters Edge - 1500 County Road B2 W Roseville, MN 55113",NA,NA,"na, na","n/a, n/a",Aggregated Remaining Facilities,,F,METC,NA,NA,NA,NA,NA,NA,NA,593,No,NA,No,NA,Maureen Widmer,651-234-7735,651-234-7459,maureen.widmer@state.mn.us,Republic,NA,Actual weight,157240,NA,NA,Actual weight,67080,NA,NA,NA,NA,NA,NA,NA,NA,NA,NA,Actual weight,23940,248260,NA,NA,NA,NA,NA,NA,NA,NA,NA,NA,NA,NA,NA,NA,NA,NA,NA,NA,NA,Actual weight,16525,NA,Actual weight,637.5,NA,NA,NA,NA,Actual weight,29400,NA,NA,NA,NA,NA,NA,NA,NA,NA,Carpeting,NA,NA,NA,Actual weight,574.5,NA,NA,NA,NA,Actual weight,1880,NA,49017,NA,67080,36.66,47.11,501.31,501.31,501.31,Yes,NA,NA,Yes,NA,NA,Default to double-sided (duplex) printing
"Metro: Shakopee Truck Station - 12550 Chestnut Boulevard Shakopee, MN 55379",NA,NA,"na, na","n/a, n/a",Aggregated Remaining Facilities,,F,METC,NA,NA,NA,NA,NA,NA,NA,15,No,NA,No,NA,Maureen Widmer,651-234-7735,651-234-7459,maureen.widmer@state.mn.us,Waste Management,NA,Actual weight,31940,Waste Management,NA,Actual weight,52000,NA,NA,NA,NA,NA,NA,NA,NA,NA,NA,NA,NA,83940,NA,NA,NA,NA,NA,NA,NA,NA,NA,NA,NA,NA,NA,NA,NA,NA,NA,NA,NA,NA,NA,NA,NA,NA,NA,NA,NA,NA,NA,NA,NA,NA,NA,NA,NA,NA,NA,NA,NA,NA,NA,NA,NA,NA,NA,NA,NA,NA,NA,NA,NA,NA,NA,NA,52000,61.95,61.95,5596,5596,5596,Yes,NA,NA,Yes,NA,NA,Default to double-sided (duplex) printing
"Metro: Spring Lake Park Truck Station - 1530 County Hwy 10 Spring Lake Park, MN 55432",NA,NA,"na, na","n/a, n/a",Aggregated Remaining Facilities,,F,METC,NA,NA,NA,NA,NA,NA,NA,27,No,NA,No,NA,Maureen Widmer,651-234-7735,651-234-7459,maureen.widmer@state.mn.us,Republic Services,NA,Actual weight,67880,Republic Services,NA,Actual weight,52000,NA,NA,NA,NA,NA,NA,NA,NA,NA,NA,NA,NA,119880,NA,NA,NA,NA,NA,NA,NA,Actual weight,6090,NA,NA,NA,NA,Actual weight,440,NA,NA,NA,NA,NA,NA,NA,Actual weight,3,NA,NA,NA,NA,NA,NA,NA,Actual weight,175,NA,NA,NA,NA,Actual weight,280,NA,NA,NA,NA,NA,NA,NA,NA,NA,NA,NA,NA,NA,6988,NA,52000,43.38,46.5,4698.81,4698.81,4698.81,Yes,NA,NA,Yes,NA,NA,Default to double-sided (duplex) printing
"Metro: St. Paul Maryland Ave Truck Station - 244 East Maryland Avenue St. Paul, MN 55117",NA,NA,"na, na","n/a, n/a",Aggregated Remaining Facilities,,F,METC,NA,NA,NA,NA,NA,NA,NA,41,No,NA,No,NA,Maureen Widmer,651-234-7735,651-234-7459,maureen.widmer@state.mn.us,Republic Services,NA,Actual weight,193780,Republic Services,NA,Actual weight,8000,NA,NA,NA,NA,NA,NA,NA,NA,NA,NA,NA,NA,201780,NA,NA,NA,NA,NA,NA,NA,Actual weight,11340,NA,NA,NA,NA,NA,NA,NA,NA,NA,NA,NA,NA,NA,NA,NA,NA,NA,NA,NA,NA,NA,NA,NA,NA,NA,NA,NA,NA,NA,NA,NA,NA,NA,NA,NA,NA,NA,NA,NA,NA,NA,NA,NA,11340,NA,8000,3.96,9.07,5198.05,5198.05,5198.05,Yes,NA,NA,Yes,NA,NA,Default to double-sided (duplex) printing
"R7E: Blue Earth Truck Station - 38379 115th Street Blue Earth, MN 56013",39379 115th St,Blue Earth,"39379 115th st, blue earth","16839 750th st, hayfield",Hayfield - 750th Street - Westfield,,F,DHS,56001,Faribault,Department of Transportation,Blue Earth,6983,6983,Maint Shop,4,No,NA,No,NA,Bryan Lillie,507-526-2502,NA,NA,Waste Management,NA,Weight converted from volume,8400,NA,NA,NA,NA,NA,NA,NA,NA,Waste Mangement,NA,Weight converted from volume,1143,NA,NA,NA,NA,9543,NA,NA,NA,NA,NA,NA,NA,NA,NA,NA,NA,NA,NA,NA,NA,NA,NA,NA,NA,NA,NA,NA,NA,NA,NA,NA,NA,NA,NA,NA,NA,NA,NA,NA,NA,NA,NA,NA,NA,NA,NA,NA,NA,NA,NA,NA,NA,NA,NA,NA,NA,NA,NA,NA,1143,11.98,11.98,2385.75,2385.75,2385.75,Yes,NA,NA,No,NA,NA,"Office supply reuse center
 Default to double-sided (duplex) printing"
"R8: Madison Truck Station - 2340 Hwy 40 E Madison, MN 56256",2340 Hwy 40 E,Madison,"2340 hwy 40 e, madison","805 n hwy 44/76, caledonia",Caledonia Office R2900501840,,F,DNR,56256,Lac Qui Parle,Department of Transportation,Madison,500,5208,office and maint activities,3,No,NA,No,NA,Gary Grahn,320-214-6340,320-214-6307,gary.grahn@state.mn.us,City of Madison,Lac Qui Parle County,Weight converted from volume,6300,NA,NA,NA,NA,NA,NA,Actual weight,40,NA,NA,Actual weight,40,NA,NA,NA,NA,6380,NA,NA,NA,NA,NA,NA,NA,NA,NA,NA,NA,NA,NA,NA,NA,NA,NA,NA,NA,NA,NA,NA,NA,NA,NA,NA,NA,NA,NA,NA,NA,NA,NA,NA,NA,NA,NA,NA,NA,NA,NA,NA,NA,NA,NA,NA,NA,NA,NA,NA,NA,NA,NA,NA,80,1.25,1.25,2126.67,2126.67,2126.67,Yes,NA,NA,Yes,NA,NA,NA
